Table 110-01001 : Population by Sex and Age Group,,,,,,,,,,,,,,,,,,,,,,,,,,,,,,,,,,,,,,,,,,,,,,,,,,,,,,,,,,,,,,,,,,,,,,,,,,,,,,,,,,,,,,,,,,,,,,,,,,,,,,,,,,,,,,,,,,,,,,,,,,,,,,,,,,,,,,,,,,,,,,,,,,,,,,,,,,,,,,,,,,,,,,,,,,,,,,,,,,,,,,,,,,,,,,,,,,,,,,,,,,,,,,,,,,,,,,,,,,,,,,,,,,,,,,,,,,,,,,,,,,,,,,,,,,,,,,,,,,,,,
 ,,,,,,,,,,,,,,,,,,,,,,,,,,,,,,,,,,,,,,,,,,,,,,,,,,,,,,,,,,,,,,,,,,,,,,,,,,,,,,,,,,,,,,,,,,,,,,,,,,,,,,,,,,,,,,,,,,,,,,,,,,,,,,,,,,,,,,,,,,,,,,,,,,,,,,,,,,,,,,,,,,,,,,,,,,,,,,,,,,,,,,,,,,,,,,,,,,,,,,,,,,,,,,,,,,,,,,,,,,,,,,,,,,,,,,,,,,,,,,,,,,,,,,,,,,,,,,,,,,,,,
 , ,Population,Population,Population,Population,Population,Population,Population,Population,Population,Population,Population,Population,Population,Population,Population,Population,Population,Population,Population,Population,Population,Population,Population,Population,Population,Population,Population,Population,Population,Population,Population,Population,Population,Population,Population,Population,Population,Population,Population,Population,Population,Population,Population,Population,Population,Population,Population,Population,Population,Population,Population,Population,Population,Population,Population,Population,Population,Population,Population,Population,Population,Population,Population,Population,Population,Population,Population,Population,Population,Population,Population,Population,Population,Population,Population,Population,Population,Population,Population,Population,Population,Population,Population,Population,Population,Population,Population,Population,Population,Population,Population,Population,Population,Population,Population,Population,Population,Population,Population,Population,Population,Population,Population,Population,Population,Population,Population,Population,Population,Population,Population,Population,Population,Population,Population,Population,Population,Population,Population,Population,Population,Population,Population,Population,Population,Population,Population,Population,Population,Population,Population,Population,Population,Population,Population,Population,Population,Population,Population,Population,Population,Population,Population,Population,Population,Population,Population,Population,Population,Population,Population,Population,Population,Population,Population,Population,Population,Population,Population,Population,Population,Population,Population,Population,Population,Population,Population,Population,Population,Population,Population,Population,Population,Population,Population,Population,Population,Population,Population,Population,Population,Population,Population,Population,Population,Population,Population,Population,Population,Population,Population,Population,Population,Population,Population,Population,Population,Population,Population,Population,Population,Population,Population,Population,Population,Population,Population,Population,Population,Population,Population,Population,Population,Population,Population,Population,Population,Population,Population,Population,Population,Population,Population,Population,Population,Population,Population,Population,Population,Population,Population,Population,Population,Population,Population,Population,Population,Population,Population,Population,Population,Population,Population,Population,Population,Population,Population,Population,Population,Population,Population,Population,Population,Population,Population,Population,Population,Population,Population,Population
,,Number ('000),Number ('000),Number ('000),Number ('000),Number ('000),Number ('000),Number ('000),Number ('000),Number ('000),Number ('000),Number ('000),Number ('000),Number ('000),Number ('000),Number ('000),Number ('000),Number ('000),Number ('000),Number ('000),Number ('000),Number ('000),Number ('000),Number ('000),Number ('000),Number ('000),Number ('000),Number ('000),Number ('000),Number ('000),Number ('000),Number ('000),Number ('000),Number ('000),Number ('000),Number ('000),Number ('000),Number ('000),Number ('000),Number ('000),Number ('000),Number ('000),Number ('000),Number ('000),Number ('000),Number ('000),Number ('000),Number ('000),Number ('000),Number ('000),Number ('000),Number ('000),Number ('000),Number ('000),Number ('000),Number ('000),Number ('000),Number ('000),Number ('000),Number ('000),Number ('000),Number ('000),Number ('000),Number ('000),Number ('000),Number ('000),Number ('000),Number ('000),Number ('000),Number ('000),Number ('000),Number ('000),Number ('000),Number ('000),Number ('000),Number ('000),Number ('000),Number ('000),Number ('000),Number ('000),Number ('000),Number ('000),Number ('000),Number ('000),Number ('000),Number ('000),Number ('000),Number ('000),Number ('000),Number ('000),Number ('000),Number ('000),Number ('000),Number ('000),Number ('000),Number ('000),Number ('000),Number ('000),Number ('000),Number ('000),Number ('000),Number ('000),Number ('000),Number ('000),Number ('000),Number ('000),Number ('000),Number ('000),Number ('000),Number ('000),Number ('000),Number ('000),Number ('000),Number ('000),Number ('000),Number ('000),Number ('000),Number ('000),Number ('000),Number ('000),Number ('000),Number ('000),Number ('000),Number ('000),Number ('000),Number ('000),Number ('000),Number ('000),Number ('000),Number ('000),Number ('000),% of total population,% of total population,% of total population,% of total population,% of total population,% of total population,% of total population,% of total population,% of total population,% of total population,% of total population,% of total population,% of total population,% of total population,% of total population,% of total population,% of total population,% of total population,% of total population,% of total population,% of total population,% of total population,% of total population,% of total population,% of total population,% of total population,% of total population,% of total population,% of total population,% of total population,% of total population,% of total population,% of total population,% of total population,% of total population,% of total population,% of total population,% of total population,% of total population,% of total population,% of total population,% of total population,% of total population,% of total population,% of total population,% of total population,% of total population,% of total population,% of total population,% of total population,% of total population,% of total population,% of total population,% of total population,% of total population,% of total population,% of total population,% of total population,% of total population,% of total population,% of total population,% of total population,% of total population,% of total population,% of total population,% of total population,% of total population,% of total population,% of total population,% of total population,% of total population,% of total population,% of total population,% of total population,% of total population,% of total population,% of total population,% of total population,% of total population,% of total population,% of total population,% of total population,% of total population,% of total population,% of total population,% of total population,% of total population,% of total population,% of total population,% of total population,% of total population,% of total population,% of total population,% of total population,% of total population,% of total population,% of total population,% of total population,% of total population,% of total population,% of total population,% of total population,% of total population,% of total population,% of total population,% of total population,% of total population,% of total population,% of total population,% of total population,% of total population,% of total population,% of total population,% of total population,% of total population,% of total population,% of total population,% of total population,% of total population,% of total population,% of total population,% of total population,% of total population,% of total population,% of total population,% of total population,% of total population,% of total population,% of total population,% of total population
Year,,1961,1961,1962,1962,1963,1963,1964,1964,1965,1965,1966,1966,1967,1967,1968,1968,1969,1969,1970,1970,1971,1971,1972,1972,1973,1973,1974,1974,1975,1975,1976,1976,1977,1977,1978,1978,1979,1979,1980,1980,1981,1981,1982,1982,1983,1983,1984,1984,1985,1985,1986,1986,1987,1987,1988,1988,1989,1989,1990,1990,1991,1991,1992,1992,1993,1993,1994,1994,1995,1995,1996,1996,1997,1997,1998,1998,1999,1999,2000,2000,2001,2001,2002,2002,2003,2003,2004,2004,2005,2005,2006,2006,2007,2007,2008,2008,2009,2009,2010,2010,2011,2011,2012,2012,2013,2013,2014,2014,2015,2015,2016,2016,2017,2017,2018,2018,2019,2019,2020,2020,2021,2021,2022,2022,2023,2023,2024,2024,2025,2025,1961,1961,1962,1962,1963,1963,1964,1964,1965,1965,1966,1966,1967,1967,1968,1968,1969,1969,1970,1970,1971,1971,1972,1972,1973,1973,1974,1974,1975,1975,1976,1976,1977,1977,1978,1978,1979,1979,1980,1980,1981,1981,1982,1982,1983,1983,1984,1984,1985,1985,1986,1986,1987,1987,1988,1988,1989,1989,1990,1990,1991,1991,1992,1992,1993,1993,1994,1994,1995,1995,1996,1996,1997,1997,1998,1998,1999,1999,2000,2000,2001,2001,2002,2002,2003,2003,2004,2004,2005,2005,2006,2006,2007,2007,2008,2008,2009,2009,2010,2010,2011,2011,2012,2012,2013,2013,2014,2014,2015,2015,2016,2016,2017,2017,2018,2018,2019,2019,2020,2020,2021,2021,2022,2022,2023,2023,2024,2024,2025,2025
Reference time-point,,Mid-year,Year-end,Mid-year,Year-end,Mid-year,Year-end,Mid-year,Year-end,Mid-year,Year-end,Mid-year,Year-end,Mid-year,Year-end,Mid-year,Year-end,Mid-year,Year-end,Mid-year,Year-end,Mid-year,Year-end,Mid-year,Year-end,Mid-year,Year-end,Mid-year,Year-end,Mid-year,Year-end,Mid-year,Year-end,Mid-year,Year-end,Mid-year,Year-end,Mid-year,Year-end,Mid-year,Year-end,Mid-year,Year-end,Mid-year,Year-end,Mid-year,Year-end,Mid-year,Year-end,Mid-year,Year-end,Mid-year,Year-end,Mid-year,Year-end,Mid-year,Year-end,Mid-year,Year-end,Mid-year,Year-end,Mid-year,Year-end,Mid-year,Year-end,Mid-year,Year-end,Mid-year,Year-end,Mid-year,Year-end,Mid-year,Year-end,Mid-year,Year-end,Mid-year,Year-end,Mid-year,Year-end,Mid-year,Year-end,Mid-year,Year-end,Mid-year,Year-end,Mid-year,Year-end,Mid-year,Year-end,Mid-year,Year-end,Mid-year,Year-end,Mid-year,Year-end,Mid-year,Year-end,Mid-year,Year-end,Mid-year,Year-end,Mid-year,Year-end,Mid-year,Year-end,Mid-year,Year-end,Mid-year,Year-end,Mid-year,Year-end,Mid-year,Year-end,Mid-year,Year-end,Mid-year,Year-end,Mid-year,Year-end,Mid-year,Year-end,Mid-year,Year-end,Mid-year,Year-end,Mid-year,Year-end,Mid-year,Year-end,Mid-year,Year-end p,Mid-year,Year-end,Mid-year,Year-end,Mid-year,Year-end,Mid-year,Year-end,Mid-year,Year-end,Mid-year,Year-end,Mid-year,Year-end,Mid-year,Year-end,Mid-year,Year-end,Mid-year,Year-end,Mid-year,Year-end,Mid-year,Year-end,Mid-year,Year-end,Mid-year,Year-end,Mid-year,Year-end,Mid-year,Year-end,Mid-year,Year-end,Mid-year,Year-end,Mid-year,Year-end,Mid-year,Year-end,Mid-year,Year-end,Mid-year,Year-end,Mid-year,Year-end,Mid-year,Year-end,Mid-year,Year-end,Mid-year,Year-end,Mid-year,Year-end,Mid-year,Year-end,Mid-year,Year-end,Mid-year,Year-end,Mid-year,Year-end,Mid-year,Year-end,Mid-year,Year-end,Mid-year,Year-end,Mid-year,Year-end,Mid-year,Year-end,Mid-year,Year-end,Mid-year,Year-end,Mid-year,Year-end,Mid-year,Year-end,Mid-year,Year-end,Mid-year,Year-end,Mid-year,Year-end,Mid-year,Year-end,Mid-year,Year-end,Mid-year,Year-end,Mid-year,Year-end,Mid-year,Year-end,Mid-year,Year-end,Mid-year,Year-end,Mid-year,Year-end,Mid-year,Year-end,Mid-year,Year-end,Mid-year,Year-end,Mid-year,Year-end,Mid-year,Year-end,Mid-year,Year-end,Mid-year,Year-end,Mid-year,Year-end,Mid-year,Year-end,Mid-year,Year-end,Mid-year,Year-end,Mid-year,Year-end,Mid-year,Year-end,Mid-year,Year-end p
Sex,Age group,,,,,,,,,,,,,,,,,,,,,,,,,,,,,,,,,,,,,,,,,,,,,,,,,,,,,,,,,,,,,,,,,,,,,,,,,,,,,,,,,,,,,,,,,,,,,,,,,,,,,,,,,,,,,,,,,,,,,,,,,,,,,,,,,,,,,,,,,,,,,,,,,,,,,,,,,,,,,,,,,,,,,,,,,,,,,,,,,,,,,,,,,,,,,,,,,,,,,,,,,,,,,,,,,,,,,,,,,,,,,,,,,,,,,,,,,,,,,,,,,,,,,,,,,,,,,,,,,,,,
Male,0 - 4,268.4,N.A.,271.9,N.A.,275.6,N.A.,275.3,N.A.,272.0,N.A.,263.9,N.A.,251.7,N.A.,239.2,N.A.,227.7,N.A.,217.0,N.A.,209.3,N.A.,205.1,N.A.,204.4,N.A.,205.5,N.A.,207.3,N.A.,205.1,N.A.,205.6,N.A.,205.2,N.A.,211.2,N.A.,211.2,N.A.,214.5,N.A.,218.2,N.A.,220.9,N.A.,220.5,N.A.,218.6,N.A.,215.9,N.A.,208.3,N.A.,201.3,N.A.,199.4,N.A.,194.9,N.A.,191.7,N.A.,191.5,N.A.,192.7,N.A.,193.8,N.A.,196.5,N.A.,197.2,191.9,189.3,181.8,177.2,169.8,168.2,159.0,153.4,147.2,142.0,136.0,130.3,125.3,122.8,121.6,118.3,116.8,114.4,110.6,110.4,115.0,111.3,116.1,114.0,117.8,117.7,120.8,124.2,129.5,129.5,132.5,136.3,136.8,134.2,133.9,137.4,140.3,146.2,144.8,144.8,144.4,141.2,135.5,138.2,136.9,134.9,131.8,127.0,121.6,117.5,113.7,109.4,105.9,104.1,100.4,97.7,93.9,90.3,86.3,8.5,N.A.,8.2,N.A.,8.1,N.A.,7.9,N.A.,7.6,N.A.,7.3,N.A.,6.8,N.A.,6.3,N.A.,5.9,N.A.,5.5,N.A.,5.2,N.A.,5.0,N.A.,4.8,N.A.,4.7,N.A.,4.6,N.A.,4.5,N.A.,4.5,N.A.,4.4,N.A.,4.3,N.A.,4.2,N.A.,4.1,N.A.,4.1,N.A.,4.1,N.A.,4.1,N.A.,4.0,N.A.,3.9,N.A.,3.7,N.A.,3.6,N.A.,3.5,N.A.,3.4,N.A.,3.3,N.A.,3.3,N.A.,3.3,N.A.,3.2,N.A.,3.2,N.A.,3.1,3.0,2.9,2.8,2.7,2.6,2.5,2.4,2.3,2.2,2.1,2.0,1.9,1.9,1.8,1.8,1.7,1.7,1.7,1.6,1.6,1.7,1.6,1.7,1.6,1.7,1.7,1.7,1.8,1.8,1.8,1.9,1.9,1.9,1.9,1.9,1.9,1.9,2.0,2.0,2.0,2.0,1.9,1.8,1.9,1.8,1.8,1.8,1.7,1.6,1.6,1.5,1.5,1.4,1.4,1.3,1.3,1.3,1.2,1.1
Male,5 - 9,221.6,N.A.,243.9,N.A.,245.1,N.A.,255.4,N.A.,264.3,N.A.,271.2,N.A.,275.6,N.A.,277.4,N.A.,275.9,N.A.,271.0,N.A.,262.7,N.A.,254.2,N.A.,246.3,N.A.,237.3,N.A.,226.5,N.A.,216.5,N.A.,209.9,N.A.,208.2,N.A.,217.2,N.A.,218.0,N.A.,215.3,N.A.,218.2,N.A.,218.5,N.A.,217.9,N.A.,217.0,N.A.,217.4,N.A.,220.7,N.A.,223.7,N.A.,225.4,N.A.,221.3,N.A.,213.0,N.A.,206.2,N.A.,200.6,N.A.,199.4,N.A.,198.1,N.A.,200.4,201.9,202.7,205.2,207.0,207.8,209.0,208.8,208.8,207.7,205.2,202.6,200.8,194.4,191.6,187.9,182.8,175.4,171.3,166.4,162.3,155.0,152.6,144.4,146.0,138.3,136.3,133.2,131.1,126.4,125.8,128.4,125.8,130.3,127.9,133.9,136.0,139.3,145.0,149.9,151.2,154.2,157.1,159.0,158.7,156.3,160.0,158.8,156.4,151.1,148.8,145.1,139.1,135.6,138.2,136.9,134.9,131.7,129.2,126.6,7.0,N.A.,7.4,N.A.,7.2,N.A.,7.3,N.A.,7.3,N.A.,7.5,N.A.,7.4,N.A.,7.3,N.A.,7.1,N.A.,6.8,N.A.,6.5,N.A.,6.2,N.A.,5.8,N.A.,5.4,N.A.,5.1,N.A.,4.8,N.A.,4.6,N.A.,4.5,N.A.,4.4,N.A.,4.3,N.A.,4.2,N.A.,4.1,N.A.,4.1,N.A.,4.0,N.A.,4.0,N.A.,3.9,N.A.,4.0,N.A.,4.0,N.A.,4.0,N.A.,3.9,N.A.,3.7,N.A.,3.6,N.A.,3.4,N.A.,3.3,N.A.,3.2,N.A.,3.1,3.1,3.1,3.1,3.2,3.2,3.2,3.1,3.1,3.1,3.1,3.0,3.0,2.9,2.8,2.8,2.7,2.6,2.5,2.4,2.4,2.2,2.2,2.1,2.1,2.0,2.0,1.9,1.9,1.8,1.8,1.8,1.8,1.8,1.8,1.9,1.9,1.9,2.0,2.1,2.1,2.1,2.1,2.1,2.1,2.1,2.1,2.1,2.1,2.0,2.0,2.0,1.9,1.8,1.8,1.8,1.8,1.8,1.7,1.7
Male,10 - 14,161.1,N.A.,178.0,N.A.,191.6,N.A.,202.8,N.A.,213.2,N.A.,223.7,N.A.,234.6,N.A.,245.4,N.A.,255.6,N.A.,264.5,N.A.,271.8,N.A.,277.2,N.A.,282.4,N.A.,286.8,N.A.,285.9,N.A.,279.2,N.A.,267.4,N.A.,254.7,N.A.,248.7,N.A.,238.1,N.A.,229.7,N.A.,227.3,N.A.,227.6,N.A.,228.0,N.A.,228.8,N.A.,229.2,N.A.,226.2,N.A.,222.4,N.A.,219.5,N.A.,221.1,N.A.,218.4,N.A.,217.9,N.A.,218.4,N.A.,221.1,N.A.,222.5,N.A.,226.0,221.0,218.4,215.8,217.0,221.1,220.9,221.3,221.9,222.1,220.9,220.9,222.6,221.9,221.1,217.9,217.0,215.0,213.1,211.4,211.3,211.9,209.9,206.9,203.4,198.6,192.3,186.1,181.5,174.7,170.9,160.5,158.3,149.2,149.2,142.9,141.5,138.6,136.0,131.5,132.3,136.7,134.9,141.6,141.3,145.5,145.6,147.8,147.2,150.2,149.7,150.0,150.5,157.1,161.7,155.6,155.5,148.0,149.6,150.3,5.1,N.A.,5.4,N.A.,5.6,N.A.,5.8,N.A.,5.9,N.A.,6.2,N.A.,6.3,N.A.,6.5,N.A.,6.6,N.A.,6.7,N.A.,6.7,N.A.,6.7,N.A.,6.7,N.A.,6.6,N.A.,6.4,N.A.,6.2,N.A.,5.8,N.A.,5.5,N.A.,5.0,N.A.,4.7,N.A.,4.4,N.A.,4.3,N.A.,4.3,N.A.,4.2,N.A.,4.2,N.A.,4.1,N.A.,4.1,N.A.,4.0,N.A.,3.9,N.A.,3.9,N.A.,3.8,N.A.,3.8,N.A.,3.7,N.A.,3.7,N.A.,3.6,N.A.,3.5,3.4,3.4,3.3,3.3,3.4,3.3,3.3,3.3,3.3,3.3,3.3,3.3,3.3,3.3,3.2,3.2,3.2,3.1,3.1,3.1,3.1,3.0,3.0,2.9,2.9,2.8,2.7,2.6,2.5,2.4,2.3,2.2,2.1,2.1,2.0,2.0,1.9,1.9,1.8,1.8,1.9,1.8,1.9,1.9,1.9,1.9,2.0,2.0,2.0,2.0,2.0,2.0,2.1,2.1,2.1,2.1,2.0,2.0,2.0
Male,15 - 19,96.0,N.A.,110.8,N.A.,124.3,N.A.,137.4,N.A.,152.4,N.A.,165.0,N.A.,179.9,N.A.,193.1,N.A.,203.7,N.A.,215.5,N.A.,227.3,N.A.,237.9,N.A.,249.4,N.A.,260.5,N.A.,270.0,N.A.,277.8,N.A.,284.8,N.A.,289.6,N.A.,302.3,N.A.,301.5,N.A.,295.7,N.A.,280.4,N.A.,267.2,N.A.,254.5,N.A.,244.6,N.A.,237.2,N.A.,229.7,N.A.,225.9,N.A.,226.6,N.A.,226.2,N.A.,217.6,N.A.,212.7,N.A.,209.7,N.A.,215.4,N.A.,218.5,N.A.,229.3,233.7,233.3,237.2,237.3,238.6,237.0,238.1,236.4,235.2,229.3,226.9,224.8,222.0,219.7,221.3,221.4,220.4,220.2,222.5,222.3,224.9,226.1,227.5,226.8,222.9,221.8,221.5,220.3,218.8,217.3,216.9,215.3,213.0,208.7,205.3,198.5,192.2,186.6,180.2,176.5,165.9,161.4,152.1,151.8,145.7,143.6,142.8,137.5,133.9,134.9,140.9,137.3,147.3,150.0,152.4,149.3,143.2,144.3,151.2,3.0,N.A.,3.4,N.A.,3.6,N.A.,3.9,N.A.,4.2,N.A.,4.5,N.A.,4.8,N.A.,5.1,N.A.,5.3,N.A.,5.4,N.A.,5.6,N.A.,5.8,N.A.,5.9,N.A.,6.0,N.A.,6.1,N.A.,6.1,N.A.,6.2,N.A.,6.2,N.A.,6.1,N.A.,6.0,N.A.,5.7,N.A.,5.3,N.A.,5.0,N.A.,4.7,N.A.,4.5,N.A.,4.3,N.A.,4.1,N.A.,4.0,N.A.,4.0,N.A.,4.0,N.A.,3.8,N.A.,3.7,N.A.,3.6,N.A.,3.6,N.A.,3.5,N.A.,3.6,3.6,3.6,3.6,3.6,3.6,3.6,3.6,3.5,3.5,3.4,3.4,3.3,3.3,3.3,3.3,3.3,3.2,3.2,3.3,3.2,3.3,3.3,3.3,3.3,3.2,3.2,3.2,3.1,3.1,3.1,3.1,3.0,3.0,2.9,2.8,2.7,2.6,2.6,2.5,2.4,2.2,2.2,2.1,2.0,1.9,1.9,1.9,1.8,1.8,1.8,1.9,1.9,2.0,2.0,2.0,2.0,1.9,1.9,2.0
Male,20 - 24,102.1,N.A.,107.6,N.A.,109.4,N.A.,106.1,N.A.,107.6,N.A.,101.0,N.A.,112.4,N.A.,124.9,N.A.,136.8,N.A.,158.1,N.A.,177.4,N.A.,190.4,N.A.,204.3,N.A.,215.0,N.A.,224.5,N.A.,233.1,N.A.,243.9,N.A.,255.0,N.A.,285.2,N.A.,305.0,N.A.,318.1,N.A.,317.1,N.A.,313.0,N.A.,304.9,N.A.,296.7,N.A.,290.0,N.A.,278.3,N.A.,262.9,N.A.,248.3,N.A.,235.0,N.A.,227.6,N.A.,220.5,N.A.,219.9,N.A.,222.8,N.A.,224.5,N.A.,236.7,236.9,235.6,233.9,230.8,230.6,227.4,226.4,224.7,226.9,225.1,224.1,222.7,222.4,221.8,224.0,226.0,227.0,226.4,225.5,225.6,223.7,221.3,219.1,217.9,218.9,218.9,219.6,219.9,222.1,221.7,223.9,226.3,227.0,226.3,224.1,223.8,223.4,222.6,220.6,220.3,219.3,216.5,213.2,208.7,204.0,195.6,188.6,182.6,171.9,164.7,162.3,153.0,153.4,159.1,154.0,154.1,152.8,150.7,147.3,3.2,N.A.,3.3,N.A.,3.2,N.A.,3.0,N.A.,3.0,N.A.,2.8,N.A.,3.0,N.A.,3.3,N.A.,3.5,N.A.,4.0,N.A.,4.4,N.A.,4.6,N.A.,4.8,N.A.,4.9,N.A.,5.0,N.A.,5.2,N.A.,5.3,N.A.,5.5,N.A.,5.8,N.A.,6.0,N.A.,6.1,N.A.,6.0,N.A.,5.9,N.A.,5.7,N.A.,5.4,N.A.,5.2,N.A.,5.0,N.A.,4.7,N.A.,4.4,N.A.,4.1,N.A.,4.0,N.A.,3.8,N.A.,3.7,N.A.,3.7,N.A.,3.6,N.A.,3.7,3.7,3.6,3.6,3.5,3.5,3.4,3.4,3.4,3.4,3.4,3.3,3.3,3.3,3.3,3.3,3.3,3.3,3.3,3.3,3.3,3.2,3.2,3.2,3.1,3.1,3.1,3.1,3.1,3.1,3.1,3.2,3.2,3.2,3.2,3.1,3.1,3.1,3.1,3.0,3.0,3.0,2.9,2.9,2.8,2.7,2.6,2.5,2.4,2.3,2.2,2.2,2.1,2.1,2.1,2.0,2.0,2.0,2.0,2.0
Male,25 - 29,129.8,N.A.,129.4,N.A.,126.8,N.A.,120.7,N.A.,116.9,N.A.,106.7,N.A.,106.6,N.A.,106.0,N.A.,104.5,N.A.,109.9,N.A.,116.5,N.A.,125.5,N.A.,142.5,N.A.,164.5,N.A.,183.9,N.A.,197.2,N.A.,206.1,N.A.,213.6,N.A.,238.1,N.A.,255.2,N.A.,270.5,N.A.,281.0,N.A.,293.2,N.A.,303.3,N.A.,310.4,N.A.,315.4,N.A.,317.8,N.A.,316.0,N.A.,312.1,N.A.,302.2,N.A.,294.1,N.A.,282.0,N.A.,270.6,N.A.,260.7,N.A.,251.3,N.A.,249.4,247.1,246.0,244.9,245.2,243.7,243.5,245.4,242.6,242.2,240.5,239.5,236.2,231.1,228.0,225.5,223.3,221.3,220.5,222.9,223.8,225.7,226.7,228.7,230.5,230.8,230.6,230.2,230.3,228.9,229.5,227.5,226.0,223.0,221.8,223.5,224.2,224.5,226.0,227.8,227.7,228.8,229.7,229.2,227.7,224.5,224.6,223.7,221.9,216.7,214.5,211.8,207.3,208.6,205.4,201.8,194.9,191.0,188.6,182.5,4.1,N.A.,3.9,N.A.,3.7,N.A.,3.4,N.A.,3.2,N.A.,2.9,N.A.,2.9,N.A.,2.8,N.A.,2.7,N.A.,2.8,N.A.,2.9,N.A.,3.0,N.A.,3.4,N.A.,3.8,N.A.,4.1,N.A.,4.4,N.A.,4.5,N.A.,4.6,N.A.,4.8,N.A.,5.0,N.A.,5.2,N.A.,5.3,N.A.,5.5,N.A.,5.6,N.A.,5.7,N.A.,5.7,N.A.,5.7,N.A.,5.6,N.A.,5.5,N.A.,5.3,N.A.,5.1,N.A.,4.9,N.A.,4.6,N.A.,4.3,N.A.,4.1,N.A.,3.9,3.8,3.8,3.8,3.7,3.7,3.7,3.7,3.6,3.6,3.6,3.6,3.5,3.4,3.4,3.3,3.3,3.3,3.2,3.3,3.3,3.3,3.3,3.3,3.3,3.3,3.3,3.3,3.3,3.2,3.2,3.2,3.2,3.1,3.1,3.1,3.1,3.1,3.1,3.1,3.1,3.1,3.1,3.1,3.1,3.0,3.0,3.0,3.0,2.9,2.9,2.9,2.8,2.8,2.7,2.7,2.6,2.5,2.5,2.4
Male,30 - 34,135.4,N.A.,138.1,N.A.,138.7,N.A.,136.4,N.A.,134.8,N.A.,126.9,N.A.,125.7,N.A.,122.7,N.A.,117.7,N.A.,116.8,N.A.,115.2,N.A.,114.2,N.A.,113.7,N.A.,113.5,N.A.,117.3,N.A.,126.1,N.A.,139.1,N.A.,156.7,N.A.,186.1,N.A.,210.3,N.A.,231.4,N.A.,241.5,N.A.,249.1,N.A.,253.4,N.A.,258.3,N.A.,267.0,N.A.,279.7,N.A.,291.2,N.A.,303.1,N.A.,310.2,N.A.,317.6,N.A.,318.9,N.A.,319.9,N.A.,318.1,N.A.,312.2,N.A.,315.1,308.2,300.0,291.8,284.8,278.4,271.1,264.3,263.2,259.9,255.9,253.5,251.6,249.1,247.0,244.9,243.9,242.5,241.8,239.9,238.8,238.8,236.7,232.4,230.2,227.6,225.0,223.5,223.3,225.2,225.8,226.8,228.4,230.2,231.9,232.9,233.0,232.8,233.8,232.1,233.0,231.3,229.3,227.4,227.9,230.5,230.1,231.2,231.2,229.8,228.0,226.7,225.6,228.6,226.7,225.4,226.7,226.7,226.8,225.7,4.3,N.A.,4.2,N.A.,4.1,N.A.,3.9,N.A.,3.7,N.A.,3.5,N.A.,3.4,N.A.,3.2,N.A.,3.0,N.A.,3.0,N.A.,2.8,N.A.,2.8,N.A.,2.7,N.A.,2.6,N.A.,2.6,N.A.,2.8,N.A.,3.0,N.A.,3.4,N.A.,3.8,N.A.,4.2,N.A.,4.5,N.A.,4.6,N.A.,4.7,N.A.,4.7,N.A.,4.7,N.A.,4.8,N.A.,5.0,N.A.,5.2,N.A.,5.3,N.A.,5.4,N.A.,5.5,N.A.,5.5,N.A.,5.4,N.A.,5.3,N.A.,5.1,N.A.,4.9,4.8,4.6,4.5,4.4,4.2,4.1,4.0,3.9,3.9,3.8,3.8,3.7,3.7,3.7,3.6,3.6,3.6,3.5,3.5,3.5,3.5,3.4,3.4,3.3,3.3,3.2,3.2,3.2,3.2,3.2,3.2,3.2,3.2,3.2,3.2,3.2,3.2,3.2,3.2,3.2,3.1,3.1,3.1,3.1,3.1,3.1,3.1,3.1,3.1,3.1,3.1,3.1,3.1,3.0,3.0,3.0,3.0,3.0,3.0
Male,35 - 39,119.1,N.A.,122.8,N.A.,126.4,N.A.,128.8,N.A.,132.4,N.A.,130.4,N.A.,133.5,N.A.,134.4,N.A.,132.9,N.A.,133.9,N.A.,133.1,N.A.,131.0,N.A.,130.9,N.A.,132.1,N.A.,132.2,N.A.,129.3,N.A.,123.6,N.A.,118.9,N.A.,125.6,N.A.,132.0,N.A.,142.8,N.A.,157.2,N.A.,175.8,N.A.,193.8,N.A.,210.6,N.A.,224.2,N.A.,236.1,N.A.,244.7,N.A.,251.0,N.A.,256.0,N.A.,265.9,N.A.,276.8,N.A.,291.7,N.A.,306.7,N.A.,317.4,N.A.,333.6,333.1,336.3,334.8,334.8,331.4,331.0,329.1,323.1,316.5,312.7,307.7,301.1,292.1,283.3,276.8,270.5,261.9,256.6,252.3,248.0,245.3,243.4,241.9,241.3,239.9,240.0,239.3,238.7,235.7,234.5,234.5,234.5,231.1,229.5,228.4,226.8,225.1,225.3,227.0,228.0,230.0,232.2,234.8,237.7,239.4,240.3,240.6,240.1,235.1,234.5,230.9,227.3,230.1,231.8,232.4,232.8,234.7,237.0,240.2,3.8,N.A.,3.7,N.A.,3.7,N.A.,3.7,N.A.,3.7,N.A.,3.6,N.A.,3.6,N.A.,3.5,N.A.,3.4,N.A.,3.4,N.A.,3.3,N.A.,3.2,N.A.,3.1,N.A.,3.0,N.A.,3.0,N.A.,2.9,N.A.,2.7,N.A.,2.5,N.A.,2.5,N.A.,2.6,N.A.,2.8,N.A.,3.0,N.A.,3.3,N.A.,3.6,N.A.,3.9,N.A.,4.1,N.A.,4.2,N.A.,4.3,N.A.,4.4,N.A.,4.5,N.A.,4.6,N.A.,4.8,N.A.,4.9,N.A.,5.1,N.A.,5.2,N.A.,5.2,5.1,5.2,5.1,5.1,5.0,5.0,5.0,4.8,4.7,4.7,4.6,4.5,4.3,4.2,4.1,4.0,3.9,3.8,3.7,3.6,3.6,3.5,3.5,3.5,3.4,3.4,3.4,3.4,3.3,3.3,3.3,3.3,3.2,3.2,3.2,3.1,3.1,3.1,3.1,3.1,3.1,3.1,3.2,3.2,3.2,3.2,3.2,3.2,3.2,3.2,3.1,3.1,3.1,3.1,3.1,3.1,3.1,3.2,3.2
Male,40 - 44,106.9,N.A.,110.6,N.A.,113.2,N.A.,113.8,N.A.,115.7,N.A.,113.5,N.A.,117.7,N.A.,121.6,N.A.,124.7,N.A.,130.7,N.A.,134.9,N.A.,136.5,N.A.,137.0,N.A.,137.3,N.A.,137.7,N.A.,137.9,N.A.,137.5,N.A.,137.6,N.A.,144.1,N.A.,145.4,N.A.,146.1,N.A.,141.8,N.A.,136.8,N.A.,133.2,N.A.,134.2,N.A.,140.6,N.A.,154.1,N.A.,172.7,N.A.,191.9,N.A.,208.5,N.A.,224.1,N.A.,234.1,N.A.,243.5,N.A.,251.1,N.A.,258.3,N.A.,275.6,282.9,288.1,295.1,303.9,311.8,316.4,319.6,326.9,333.9,335.4,334.6,335.2,334.2,332.9,329.8,328.9,325.0,318.4,309.0,304.4,299.6,293.1,284.6,277.1,269.4,262.7,254.7,250.0,246.2,242.7,240.7,241.2,240.6,239.8,239.2,239.7,239.6,239.2,235.8,234.6,235.6,234.7,232.2,232.0,231.7,231.9,233.1,233.6,234.5,235.0,234.3,234.6,237.3,238.8,239.3,238.9,240.3,241.8,241.2,3.4,N.A.,3.3,N.A.,3.3,N.A.,3.2,N.A.,3.2,N.A.,3.1,N.A.,3.2,N.A.,3.2,N.A.,3.2,N.A.,3.3,N.A.,3.3,N.A.,3.3,N.A.,3.2,N.A.,3.1,N.A.,3.1,N.A.,3.1,N.A.,3.0,N.A.,2.9,N.A.,2.9,N.A.,2.9,N.A.,2.8,N.A.,2.7,N.A.,2.6,N.A.,2.5,N.A.,2.5,N.A.,2.5,N.A.,2.8,N.A.,3.1,N.A.,3.4,N.A.,3.7,N.A.,3.9,N.A.,4.0,N.A.,4.1,N.A.,4.2,N.A.,4.2,N.A.,4.3,4.4,4.4,4.5,4.6,4.7,4.8,4.8,4.9,5.0,5.0,5.0,5.0,5.0,4.9,4.9,4.8,4.8,4.7,4.5,4.4,4.3,4.2,4.1,4.0,3.9,3.8,3.6,3.6,3.5,3.4,3.4,3.4,3.4,3.3,3.3,3.3,3.3,3.3,3.2,3.2,3.2,3.2,3.1,3.1,3.1,3.1,3.1,3.1,3.2,3.2,3.2,3.2,3.2,3.2,3.2,3.2,3.2,3.2,3.2
Male,45 - 49,85.1,N.A.,79.2,N.A.,93.2,N.A.,96.5,N.A.,100.6,N.A.,101.2,N.A.,105.4,N.A.,108.3,N.A.,109.6,N.A.,113.1,N.A.,116.2,N.A.,119.8,N.A.,124.9,N.A.,129.4,N.A.,132.2,N.A.,134.0,N.A.,134.7,N.A.,136.3,N.A.,143.2,N.A.,145.3,N.A.,147.1,N.A.,148.5,N.A.,149.3,N.A.,147.6,N.A.,145.4,N.A.,141.3,N.A.,137.5,N.A.,134.1,N.A.,131.9,N.A.,132.6,N.A.,140.7,N.A.,153.6,N.A.,172.7,N.A.,193.8,N.A.,212.5,N.A.,236.0,240.4,243.9,248.0,249.9,252.7,256.0,257.6,260.7,264.4,270.5,278.1,283.6,289.9,297.4,305.1,309.4,314.3,319.5,324.3,323.7,320.7,320.1,320.5,320.1,317.1,315.9,313.3,307.7,299.4,295.3,291.3,286.1,278.5,270.8,264.5,258.0,250.5,246.1,243.1,240.2,240.5,241.1,242.2,243.1,244.1,246.1,247.5,246.0,242.1,242.2,238.7,234.8,234.9,234.4,231.6,230.4,230.2,231.6,235.1,2.7,N.A.,2.4,N.A.,2.7,N.A.,2.8,N.A.,2.8,N.A.,2.8,N.A.,2.8,N.A.,2.8,N.A.,2.8,N.A.,2.9,N.A.,2.9,N.A.,2.9,N.A.,2.9,N.A.,3.0,N.A.,3.0,N.A.,3.0,N.A.,2.9,N.A.,2.9,N.A.,2.9,N.A.,2.9,N.A.,2.8,N.A.,2.8,N.A.,2.8,N.A.,2.7,N.A.,2.7,N.A.,2.6,N.A.,2.5,N.A.,2.4,N.A.,2.3,N.A.,2.3,N.A.,2.4,N.A.,2.6,N.A.,2.9,N.A.,3.2,N.A.,3.5,N.A.,3.7,3.7,3.8,3.8,3.8,3.8,3.9,3.9,3.9,3.9,4.0,4.1,4.2,4.3,4.4,4.5,4.6,4.6,4.7,4.7,4.7,4.6,4.6,4.6,4.6,4.6,4.5,4.5,4.4,4.2,4.2,4.1,4.0,3.9,3.8,3.7,3.6,3.5,3.4,3.3,3.3,3.3,3.3,3.3,3.3,3.3,3.3,3.3,3.3,3.3,3.3,3.2,3.2,3.1,3.1,3.1,3.1,3.1,3.1,3.1
Male,50 - 54,64.6,N.A.,69.4,N.A.,73.1,N.A.,75.6,N.A.,78.5,N.A.,79.2,N.A.,83.5,N.A.,87.7,N.A.,91.4,N.A.,96.8,N.A.,101.3,N.A.,104.4,N.A.,107.9,N.A.,112.1,N.A.,116.4,N.A.,119.7,N.A.,122.0,N.A.,124.4,N.A.,131.2,N.A.,137.2,N.A.,141.3,N.A.,142.6,N.A.,144.2,N.A.,145.2,N.A.,146.6,N.A.,147.6,N.A.,147.2,N.A.,146.3,N.A.,144.3,N.A.,141.5,N.A.,140.2,N.A.,135.4,N.A.,132.2,N.A.,131.0,N.A.,133.3,N.A.,144.6,151.7,158.7,167.7,174.7,182.5,188.2,199.9,210.4,220.2,226.7,230.8,233.9,237.5,239.1,242.8,246.0,249.7,253.9,258.1,264.0,271.4,276.4,282.4,289.6,296.6,299.3,302.7,307.7,312.6,312.8,310.9,311.8,313.3,313.8,311.2,310.6,308.4,303.8,296.0,292.9,287.8,280.9,273.0,266.9,262.8,258.1,251.5,248.8,246.0,245.0,243.4,243.7,246.9,246.4,245.4,246.0,245.1,244.2,242.5,2.0,N.A.,2.1,N.A.,2.1,N.A.,2.2,N.A.,2.2,N.A.,2.2,N.A.,2.2,N.A.,2.3,N.A.,2.4,N.A.,2.4,N.A.,2.5,N.A.,2.5,N.A.,2.5,N.A.,2.6,N.A.,2.6,N.A.,2.6,N.A.,2.7,N.A.,2.7,N.A.,2.7,N.A.,2.7,N.A.,2.7,N.A.,2.7,N.A.,2.7,N.A.,2.7,N.A.,2.7,N.A.,2.7,N.A.,2.6,N.A.,2.6,N.A.,2.5,N.A.,2.5,N.A.,2.4,N.A.,2.3,N.A.,2.2,N.A.,2.2,N.A.,2.2,N.A.,2.2,2.3,2.4,2.6,2.7,2.8,2.8,3.0,3.2,3.3,3.4,3.4,3.5,3.5,3.6,3.6,3.6,3.7,3.7,3.8,3.9,3.9,4.0,4.1,4.2,4.3,4.3,4.3,4.4,4.4,4.4,4.4,4.4,4.4,4.4,4.3,4.3,4.3,4.2,4.1,4.0,3.9,3.8,3.7,3.6,3.5,3.4,3.3,3.3,3.3,3.3,3.3,3.3,3.3,3.3,3.3,3.3,3.3,3.3,3.2
Male,55 - 59,38.0,N.A.,41.5,N.A.,45.6,N.A.,50.1,N.A.,55.4,N.A.,58.9,N.A.,63.5,N.A.,67.1,N.A.,69.8,N.A.,73.3,N.A.,76.7,N.A.,80.9,N.A.,85.7,N.A.,89.9,N.A.,92.9,N.A.,95.8,N.A.,99.8,N.A.,104.0,N.A.,108.8,N.A.,111.0,N.A.,114.1,N.A.,118.6,N.A.,123.3,N.A.,127.1,N.A.,129.8,N.A.,132.3,N.A.,136.2,N.A.,138.9,N.A.,140.1,N.A.,139.7,N.A.,140.4,N.A.,140.1,N.A.,140.6,N.A.,139.7,N.A.,137.7,N.A.,140.3,138.9,137.0,134.3,132.6,132.2,133.2,133.5,132.4,133.2,136.0,142.9,149.3,156.6,163.0,170.9,177.7,188.6,198.0,208.6,214.7,218.9,222.2,226.3,228.9,233.4,236.9,239.7,243.7,247.8,253.9,261.5,267.5,274.0,281.1,288.7,291.6,295.6,300.9,306.2,306.8,305.7,307.7,309.4,308.8,306.4,305.3,304.3,297.0,287.7,284.9,278.0,270.7,267.5,262.3,256.4,251.7,246.7,244.6,243.4,1.2,N.A.,1.3,N.A.,1.3,N.A.,1.4,N.A.,1.5,N.A.,1.6,N.A.,1.7,N.A.,1.8,N.A.,1.8,N.A.,1.9,N.A.,1.9,N.A.,2.0,N.A.,2.0,N.A.,2.1,N.A.,2.1,N.A.,2.1,N.A.,2.2,N.A.,2.2,N.A.,2.2,N.A.,2.2,N.A.,2.2,N.A.,2.3,N.A.,2.3,N.A.,2.4,N.A.,2.4,N.A.,2.4,N.A.,2.4,N.A.,2.5,N.A.,2.5,N.A.,2.4,N.A.,2.4,N.A.,2.4,N.A.,2.4,N.A.,2.3,N.A.,2.2,N.A.,2.2,2.1,2.1,2.1,2.0,2.0,2.0,2.0,2.0,2.0,2.0,2.1,2.2,2.3,2.4,2.5,2.6,2.8,2.9,3.1,3.1,3.2,3.2,3.3,3.3,3.4,3.4,3.4,3.5,3.5,3.6,3.7,3.7,3.8,3.9,4.0,4.0,4.1,4.1,4.2,4.2,4.1,4.2,4.2,4.1,4.1,4.1,4.0,4.0,3.9,3.8,3.8,3.7,3.6,3.5,3.4,3.3,3.3,3.3,3.2
Male,60 - 64,26.8,N.A.,29.1,N.A.,30.5,N.A.,31.0,N.A.,32.0,N.A.,32.7,N.A.,35.8,N.A.,39.8,N.A.,44.3,N.A.,49.7,N.A.,54.7,N.A.,58.2,N.A.,62.4,N.A.,67.7,N.A.,72.8,N.A.,76.4,N.A.,78.5,N.A.,81.7,N.A.,85.6,N.A.,90.3,N.A.,94.0,N.A.,95.5,N.A.,97.7,N.A.,100.2,N.A.,104.1,N.A.,108.1,N.A.,111.5,N.A.,115.3,N.A.,118.2,N.A.,121.2,N.A.,125.1,N.A.,126.6,N.A.,128.0,N.A.,130.5,N.A.,132.2,N.A.,140.6,141.3,141.1,142.2,138.8,137.9,136.5,137.3,135.8,136.3,133.9,131.4,128.9,126.0,124.5,123.2,124.0,125.4,125.2,125.4,127.6,134.5,140.8,148.6,155.1,162.9,169.6,179.7,188.2,198.7,205.1,209.7,213.7,217.5,219.9,224.1,227.5,230.1,234.1,238.1,244.1,252.6,258.9,266.5,275.3,283.6,287.0,293.2,297.9,300.8,300.3,299.8,303.6,307.4,305.9,302.0,299.8,295.4,288.1,281.1,0.8,N.A.,0.9,N.A.,0.9,N.A.,0.9,N.A.,0.9,N.A.,0.9,N.A.,1.0,N.A.,1.0,N.A.,1.1,N.A.,1.3,N.A.,1.4,N.A.,1.4,N.A.,1.5,N.A.,1.5,N.A.,1.6,N.A.,1.7,N.A.,1.7,N.A.,1.8,N.A.,1.7,N.A.,1.8,N.A.,1.8,N.A.,1.8,N.A.,1.8,N.A.,1.9,N.A.,1.9,N.A.,2.0,N.A.,2.0,N.A.,2.0,N.A.,2.1,N.A.,2.1,N.A.,2.2,N.A.,2.2,N.A.,2.2,N.A.,2.2,N.A.,2.1,N.A.,2.2,2.2,2.2,2.2,2.1,2.1,2.1,2.1,2.0,2.0,2.0,2.0,1.9,1.9,1.8,1.8,1.8,1.8,1.8,1.8,1.9,1.9,2.0,2.1,2.2,2.3,2.4,2.6,2.7,2.8,2.9,2.9,3.0,3.0,3.1,3.1,3.1,3.2,3.2,3.3,3.3,3.4,3.5,3.6,3.7,3.8,3.8,3.9,4.0,4.1,4.0,4.1,4.1,4.1,4.1,4.0,4.0,3.9,3.8,3.7
Male,65 - 69,15.3,N.A.,16.4,N.A.,17.9,N.A.,19.7,N.A.,21.6,N.A.,22.9,N.A.,24.4,N.A.,25.3,N.A.,25.8,N.A.,26.7,N.A.,28.4,N.A.,31.1,N.A.,34.7,N.A.,38.3,N.A.,40.9,N.A.,43.4,N.A.,48.7,N.A.,53.7,N.A.,59.6,N.A.,64.1,N.A.,68.2,N.A.,71.3,N.A.,73.8,N.A.,75.8,N.A.,77.7,N.A.,79.7,N.A.,82.4,N.A.,85.6,N.A.,88.0,N.A.,90.0,N.A.,93.6,N.A.,97.1,N.A.,101.2,N.A.,105.6,N.A.,109.2,N.A.,118.6,121.2,122.2,124.1,126.9,129.4,129.6,130.3,129.0,128.7,128.2,128.3,128.6,129.2,127.2,126.8,126.5,126.6,126.3,127.2,125.2,124.1,122.5,120.0,118.7,117.4,118.3,119.6,119.3,119.4,121.5,128.6,134.8,142.4,148.7,156.5,163.0,172.7,180.3,190.4,196.5,201.0,205.0,209.5,212.3,217.2,220.2,224.3,227.7,231.7,239.5,247.1,254.1,266.3,276.0,281.8,283.8,286.6,290.1,292.5,0.5,N.A.,0.5,N.A.,0.5,N.A.,0.6,N.A.,0.6,N.A.,0.6,N.A.,0.7,N.A.,0.7,N.A.,0.7,N.A.,0.7,N.A.,0.7,N.A.,0.8,N.A.,0.8,N.A.,0.9,N.A.,0.9,N.A.,1.0,N.A.,1.1,N.A.,1.2,N.A.,1.2,N.A.,1.3,N.A.,1.3,N.A.,1.4,N.A.,1.4,N.A.,1.4,N.A.,1.4,N.A.,1.4,N.A.,1.5,N.A.,1.5,N.A.,1.5,N.A.,1.6,N.A.,1.6,N.A.,1.7,N.A.,1.7,N.A.,1.7,N.A.,1.8,N.A.,1.8,1.9,1.9,1.9,1.9,2.0,2.0,2.0,1.9,1.9,1.9,1.9,1.9,1.9,1.9,1.9,1.9,1.9,1.9,1.9,1.8,1.8,1.8,1.7,1.7,1.7,1.7,1.7,1.7,1.7,1.7,1.8,1.9,2.0,2.1,2.2,2.3,2.4,2.5,2.6,2.7,2.7,2.8,2.8,2.8,2.9,2.9,3.0,3.0,3.1,3.2,3.3,3.5,3.6,3.7,3.7,3.8,3.8,3.9,3.9
Male,70 - 74,9.6,N.A.,10.1,N.A.,10.4,N.A.,10.5,N.A.,10.9,N.A.,11.3,N.A.,12.2,N.A.,13.5,N.A.,15.1,N.A.,16.9,N.A.,18.4,N.A.,19.4,N.A.,20.6,N.A.,22.3,N.A.,23.8,N.A.,24.6,N.A.,26.6,N.A.,29.1,N.A.,33.2,N.A.,36.2,N.A.,39.9,N.A.,42.7,N.A.,45.7,N.A.,48.9,N.A.,52.5,N.A.,55.6,N.A.,57.6,N.A.,59.2,N.A.,60.5,N.A.,62.2,N.A.,64.5,N.A.,66.7,N.A.,68.8,N.A.,72.1,N.A.,76.2,N.A.,84.4,85.4,86.8,88.1,89.9,91.8,93.1,94.8,97.8,101.1,102.3,104.4,105.1,106.6,108.7,112.6,113.2,114.4,112.7,111.7,112.4,114.0,115.4,117.3,116.1,115.7,115.3,116.2,116.7,118.1,116.7,114.8,112.8,110.6,109.5,108.5,109.6,110.6,110.3,110.3,112.2,118.8,124.6,131.9,137.8,145.9,152.7,162.0,168.8,176.8,182.0,187.0,192.9,201.3,205.5,208.9,212.1,215.8,219.0,221.6,0.3,N.A.,0.3,N.A.,0.3,N.A.,0.3,N.A.,0.3,N.A.,0.3,N.A.,0.3,N.A.,0.4,N.A.,0.4,N.A.,0.4,N.A.,0.5,N.A.,0.5,N.A.,0.5,N.A.,0.5,N.A.,0.5,N.A.,0.5,N.A.,0.6,N.A.,0.6,N.A.,0.7,N.A.,0.7,N.A.,0.8,N.A.,0.8,N.A.,0.9,N.A.,0.9,N.A.,1.0,N.A.,1.0,N.A.,1.0,N.A.,1.1,N.A.,1.1,N.A.,1.1,N.A.,1.1,N.A.,1.1,N.A.,1.2,N.A.,1.2,N.A.,1.2,N.A.,1.3,1.3,1.3,1.4,1.4,1.4,1.4,1.4,1.5,1.5,1.5,1.6,1.6,1.6,1.6,1.7,1.7,1.7,1.7,1.6,1.6,1.7,1.7,1.7,1.7,1.7,1.7,1.7,1.7,1.7,1.7,1.6,1.6,1.5,1.5,1.5,1.5,1.5,1.5,1.5,1.5,1.6,1.7,1.8,1.8,1.9,2.0,2.2,2.3,2.4,2.5,2.5,2.6,2.7,2.7,2.8,2.8,2.9,2.9,3.0
Male,75 - 79,4.1,N.A.,4.6,N.A.,5.0,N.A.,5.6,N.A.,6.1,N.A.,6.5,N.A.,6.8,N.A.,6.9,N.A.,6.9,N.A.,7.1,N.A.,7.6,N.A.,8.5,N.A.,9.9,N.A.,11.4,N.A.,12.3,N.A.,12.5,N.A.,13.6,N.A.,15.1,N.A.,16.4,N.A.,17.7,N.A.,19.3,N.A.,20.8,N.A.,22.2,N.A.,23.5,N.A.,25.0,N.A.,26.8,N.A.,29.7,N.A.,32.7,N.A.,35.4,N.A.,37.6,N.A.,39.7,N.A.,41.2,N.A.,43.2,N.A.,45.5,N.A.,48.2,N.A.,52.4,53.7,55.1,56.1,57.0,58.2,59.7,60.0,61.1,61.8,63.6,65.1,67.2,68.9,70.2,72.2,73.2,74.9,77.4,80.8,82.3,85.5,86.9,89.0,91.3,95.0,95.8,97.3,96.3,96.2,97.0,98.1,99.1,101.1,100.4,100.2,99.9,100.9,101.2,102.6,101.2,99.6,97.9,96.2,95.6,94.5,94.9,94.2,92.2,93.1,96.6,102.0,107.0,115.4,122.0,131.1,139.3,148.5,154.7,161.3,0.1,N.A.,0.1,N.A.,0.1,N.A.,0.2,N.A.,0.2,N.A.,0.2,N.A.,0.2,N.A.,0.2,N.A.,0.2,N.A.,0.2,N.A.,0.2,N.A.,0.2,N.A.,0.2,N.A.,0.3,N.A.,0.3,N.A.,0.3,N.A.,0.3,N.A.,0.3,N.A.,0.3,N.A.,0.4,N.A.,0.4,N.A.,0.4,N.A.,0.4,N.A.,0.4,N.A.,0.5,N.A.,0.5,N.A.,0.5,N.A.,0.6,N.A.,0.6,N.A.,0.7,N.A.,0.7,N.A.,0.7,N.A.,0.7,N.A.,0.8,N.A.,0.8,N.A.,0.8,0.8,0.8,0.9,0.9,0.9,0.9,0.9,0.9,0.9,0.9,1.0,1.0,1.0,1.0,1.1,1.1,1.1,1.1,1.2,1.2,1.2,1.3,1.3,1.3,1.4,1.4,1.4,1.4,1.4,1.4,1.4,1.4,1.4,1.4,1.4,1.4,1.4,1.4,1.4,1.4,1.3,1.3,1.3,1.3,1.3,1.3,1.3,1.2,1.3,1.3,1.4,1.5,1.5,1.6,1.7,1.9,2.0,2.1,2.1
Male,80 - 84,2.2,N.A.,2.1,N.A.,2.1,N.A.,2.1,N.A.,2.1,N.A.,2.3,N.A.,2.6,N.A.,2.9,N.A.,3.3,N.A.,3.6,N.A.,3.9,N.A.,4.0,N.A.,4.2,N.A.,4.7,N.A.,4.9,N.A.,5.0,N.A.,5.2,N.A.,5.8,N.A.,6.6,N.A.,7.4,N.A.,8.2,N.A.,8.4,N.A.,8.9,N.A.,9.6,N.A.,10.7,N.A.,11.7,N.A.,12.3,N.A.,12.8,N.A.,13.5,N.A.,14.6,N.A.,16.5,N.A.,17.4,N.A.,19.2,N.A.,21.9,N.A.,24.3,N.A.,27.1,26.8,27.0,27.1,28.3,28.6,29.3,30.4,32.0,33.4,34.2,35.8,36.5,37.9,38.7,40.0,40.9,42.0,42.6,44.0,44.8,46.2,47.8,49.4,50.4,52.4,53.2,55.0,57.6,61.1,62.3,64.8,65.4,67.1,69.3,73.0,73.3,74.9,73.8,73.6,74.1,75.6,76.7,79.0,78.7,79.2,79.3,80.2,80.5,81.3,79.7,78.7,77.1,76.9,77.3,75.7,76.0,76.0,74.0,75.5,0.1,N.A.,0.1,N.A.,0.1,N.A.,0.1,N.A.,0.1,N.A.,0.1,N.A.,0.1,N.A.,0.1,N.A.,0.1,N.A.,0.1,N.A.,0.1,N.A.,0.1,N.A.,0.1,N.A.,0.1,N.A.,0.1,N.A.,0.1,N.A.,0.1,N.A.,0.1,N.A.,0.1,N.A.,0.1,N.A.,0.2,N.A.,0.2,N.A.,0.2,N.A.,0.2,N.A.,0.2,N.A.,0.2,N.A.,0.2,N.A.,0.2,N.A.,0.2,N.A.,0.3,N.A.,0.3,N.A.,0.3,N.A.,0.3,N.A.,0.4,N.A.,0.4,N.A.,0.4,0.4,0.4,0.4,0.4,0.4,0.4,0.5,0.5,0.5,0.5,0.5,0.5,0.6,0.6,0.6,0.6,0.6,0.6,0.6,0.7,0.7,0.7,0.7,0.7,0.8,0.8,0.8,0.8,0.9,0.9,0.9,0.9,0.9,1.0,1.0,1.0,1.0,1.0,1.0,1.0,1.0,1.0,1.1,1.1,1.1,1.1,1.1,1.1,1.1,1.1,1.1,1.0,1.0,1.0,1.0,1.0,1.0,1.0,1.0
Male,≥85,0.8,N.A.,1.1,N.A.,1.2,N.A.,1.4,N.A.,1.5,N.A.,1.5,N.A.,1.5,N.A.,1.6,N.A.,1.6,N.A.,1.7,N.A.,1.8,N.A.,2.0,N.A.,2.2,N.A.,2.4,N.A.,2.7,N.A.,2.4,N.A.,2.6,N.A.,2.7,N.A.,2.9,N.A.,3.1,N.A.,3.5,N.A.,3.7,N.A.,4.0,N.A.,4.3,N.A.,4.6,N.A.,4.9,N.A.,5.6,N.A.,6.3,N.A.,6.9,N.A.,7.3,N.A.,7.5,N.A.,8.3,N.A.,9.4,N.A.,10.3,N.A.,11.4,N.A.,12.7,13.3,13.9,13.9,13.8,14.2,14.6,15.2,16.3,17.8,19.6,20.3,21.2,21.9,22.1,23.4,23.8,25.3,25.7,27.4,28.5,30.3,30.7,32.5,32.8,34.2,35.2,36.8,37.8,39.9,40.7,42.9,44.0,46.4,47.1,49.7,50.1,52.5,54.4,58.6,59.0,62.7,63.8,66.8,68.9,74.1,73.8,76.8,80.1,83.4,84.5,88.1,86.5,89.3,89.6,94.2,94.0,97.9,95.5,100.1,0.0 [-φ32],N.A.,0.0 [-φ32],N.A.,0.0 [-φ32],N.A.,0.0 [-φ32],N.A.,0.0 [-φ32],N.A.,0.0 [-φ32],N.A.,0.0 [-φ32],N.A.,0.0 [-φ32],N.A.,0.0 [-φ32],N.A.,0.0 [-φ32],N.A.,0.0 [-φ32],N.A.,0.0 [-φ32],N.A.,0.1,N.A.,0.1,N.A.,0.1,N.A.,0.1,N.A.,0.1,N.A.,0.1,N.A.,0.1,N.A.,0.1,N.A.,0.1,N.A.,0.1,N.A.,0.1,N.A.,0.1,N.A.,0.1,N.A.,0.1,N.A.,0.1,N.A.,0.1,N.A.,0.1,N.A.,0.1,N.A.,0.1,N.A.,0.1,N.A.,0.2,N.A.,0.2,N.A.,0.2,N.A.,0.2,0.2,0.2,0.2,0.2,0.2,0.2,0.2,0.2,0.3,0.3,0.3,0.3,0.3,0.3,0.3,0.4,0.4,0.4,0.4,0.4,0.4,0.4,0.5,0.5,0.5,0.5,0.5,0.5,0.6,0.6,0.6,0.6,0.6,0.7,0.7,0.7,0.7,0.7,0.8,0.8,0.8,0.9,0.9,0.9,1.0,1.0,1.0,1.1,1.1,1.1,1.2,1.2,1.2,1.2,1.3,1.2,1.3,1.3,1.3
Male,All age groups,1586.9,N.A.,1666.6,N.A.,1730.1,N.A.,1769.2,N.A.,1818.0,N.A.,1818.8,N.A.,1873.4,N.A.,1917.8,N.A.,1947.3,N.A.,2006.3,N.A.,2057.2,N.A.,2100.3,N.A.,2163.4,N.A.,2230.7,N.A.,2284.2,N.A.,2316.0,N.A.,2349.6,N.A.,2392.3,N.A.,2546.0,N.A.,2629.0,N.A.,2699.7,N.A.,2734.8,2768.8,2771.2,2792.1,2791.7,2811.6,2815.6,2842.5,2844.9,2864.6,2870.9,2884.1,2892.0,2908.1,2916.1,2930.8,2922.1,2938.1,2938.2,2962.6,2947.0,2983.2,2982.3,3026.0,3039.5,3073.8,3084.3,3140.1,3220.0,3229.4,3235.4,3242.0,3249.9,3260.7,3264.7,3271.0,3276.5,3288.5,3282.0,3282.9,3279.6,3267.0,3259.1,3266.7,3266.8,3266.5,3264.0,3268.0,3270.1,3285.5,3283.9,3287.6,3290.2,3288.9,3284.8,3289.2,3294.3,3300.7,3303.0,3314.3,3327.3,3332.1,3329.9,3340.5,3344.5,3352.0,3365.6,3368.6,3375.4,3390.5,3393.6,3399.5,3411.4,3422.3,3424.0,3432.4,3416.5,3387.7,3382.3,3378.5,3354.5,3409.8,3435.2,3425.3,3417.9,3404.5,3400.1,3404.4,50.1,N.A.,50.4,N.A.,50.6,N.A.,50.5,N.A.,50.5,N.A.,50.1,N.A.,50.3,N.A.,50.4,N.A.,50.4,N.A.,50.7,N.A.,50.9,N.A.,50.9,N.A.,51.0,N.A.,51.0,N.A.,51.2,N.A.,51.3,N.A.,51.3,N.A.,51.3,N.A.,51.6,N.A.,51.9,N.A.,52.1,N.A.,51.9,52.1,51.8,51.9,51.7,51.8,51.6,51.7,51.5,51.5,51.4,51.4,51.4,51.3,51.3,51.2,51.2,51.1,51.1,50.9,50.8,50.7,50.5,50.5,50.4,50.2,50.1,50.1,50.0,49.9,49.9,49.7,49.7,49.5,49.4,49.3,49.2,49.0,48.9,48.8,48.6,48.6,48.4,48.3,48.2,48.1,47.9,47.8,47.7,47.6,47.5,47.4,47.3,47.2,47.1,47.0,46.9,46.8,46.7,46.6,46.5,46.5,46.4,46.3,46.3,46.2,46.2,46.1,46.0,46.0,45.9,45.8,45.8,45.7,45.6,45.6,45.7,45.6,45.6,45.6,45.7,45.6,45.6,45.5,45.4,45.4,45.3,45.3
Female,0 - 4,260.5,N.A.,263.0,N.A.,265.6,N.A.,265.0,N.A.,261.3,N.A.,252.8,N.A.,240.1,N.A.,227.1,N.A.,215.3,N.A.,204.4,N.A.,196.7,N.A.,192.6,N.A.,192.4,N.A.,194.7,N.A.,195.9,N.A.,193.4,N.A.,192.7,N.A.,192.3,N.A.,197.1,N.A.,197.0,N.A.,200.2,N.A.,204.0,N.A.,206.5,N.A.,205.7,N.A.,203.5,N.A.,200.6,N.A.,193.4,N.A.,186.2,N.A.,184.6,N.A.,180.8,N.A.,177.5,N.A.,178.6,N.A.,179.6,N.A.,178.4,N.A.,181.1,N.A.,181.3,176.6,173.9,166.9,162.5,156.1,154.1,146.3,141.3,135.3,130.8,125.8,121.4,116.7,114.5,112.6,109.4,108.1,106.7,103.3,102.6,106.5,103.2,107.4,105.2,108.4,108.3,110.5,113.8,119.1,119.7,122.4,126.0,127.4,125.5,124.6,128.1,130.9,135.6,134.3,134.7,134.4,132.1,127.2,129.6,128.5,126.6,123.4,119.7,115.0,111.5,108.2,103.7,100.0,97.7,93.9,90.9,87.4,83.8,80.0,8.2,N.A.,8.0,N.A.,7.8,N.A.,7.6,N.A.,7.3,N.A.,7.0,N.A.,6.5,N.A.,6.0,N.A.,5.6,N.A.,5.2,N.A.,4.9,N.A.,4.7,N.A.,4.5,N.A.,4.4,N.A.,4.4,N.A.,4.3,N.A.,4.2,N.A.,4.1,N.A.,4.0,N.A.,3.9,N.A.,3.9,N.A.,3.9,N.A.,3.9,N.A.,3.8,N.A.,3.7,N.A.,3.6,N.A.,3.5,N.A.,3.3,N.A.,3.2,N.A.,3.2,N.A.,3.1,N.A.,3.1,N.A.,3.0,N.A.,3.0,N.A.,2.9,N.A.,2.8,2.7,2.7,2.6,2.5,2.4,2.3,2.2,2.1,2.0,1.9,1.9,1.8,1.7,1.7,1.7,1.6,1.6,1.6,1.5,1.5,1.5,1.5,1.5,1.5,1.6,1.6,1.6,1.6,1.7,1.7,1.7,1.8,1.8,1.7,1.7,1.8,1.8,1.9,1.8,1.8,1.8,1.8,1.7,1.7,1.7,1.7,1.6,1.6,1.5,1.5,1.5,1.4,1.3,1.3,1.2,1.2,1.2,1.1,1.1
Female,5 - 9,212.1,N.A.,222.8,N.A.,233.1,N.A.,243.0,N.A.,251.9,N.A.,259.0,N.A.,263.9,N.A.,266.1,N.A.,265.1,N.A.,260.4,N.A.,252.0,N.A.,241.8,N.A.,233.1,N.A.,225.1,N.A.,213.2,N.A.,205.0,N.A.,198.6,N.A.,197.2,N.A.,204.4,N.A.,204.2,N.A.,200.9,N.A.,201.4,N.A.,201.9,N.A.,201.3,N.A.,201.1,N.A.,201.6,N.A.,204.6,N.A.,208.0,N.A.,209.4,N.A.,204.9,N.A.,196.9,N.A.,193.4,N.A.,190.1,N.A.,188.3,N.A.,186.9,N.A.,187.2,186.7,187.9,190.0,192.1,191.9,193.2,192.9,192.7,192.2,191.2,189.1,188.8,183.8,180.8,177.6,172.8,165.9,161.5,156.6,151.8,144.3,141.7,133.3,134.4,128.0,126.6,123.9,122.1,117.5,117.4,120.3,118.4,122.3,120.2,125.4,126.7,129.1,134.2,139.3,140.6,142.0,144.2,146.7,147.2,145.7,149.7,149.1,146.7,142.4,140.6,137.1,131.8,128.6,131.1,129.4,127.2,123.7,121.7,118.9,6.7,N.A.,6.7,N.A.,6.8,N.A.,6.9,N.A.,7.0,N.A.,7.1,N.A.,7.1,N.A.,7.0,N.A.,6.9,N.A.,6.6,N.A.,6.2,N.A.,5.9,N.A.,5.5,N.A.,5.1,N.A.,4.8,N.A.,4.5,N.A.,4.3,N.A.,4.2,N.A.,4.1,N.A.,4.0,N.A.,3.9,N.A.,3.8,N.A.,3.8,N.A.,3.7,N.A.,3.7,N.A.,3.6,N.A.,3.7,N.A.,3.7,N.A.,3.7,N.A.,3.6,N.A.,3.4,N.A.,3.3,N.A.,3.2,N.A.,3.1,N.A.,3.0,N.A.,2.9,2.9,2.9,2.9,2.9,2.9,2.9,2.9,2.9,2.9,2.8,2.8,2.8,2.7,2.7,2.6,2.5,2.4,2.4,2.3,2.2,2.1,2.0,1.9,1.9,1.8,1.8,1.8,1.7,1.7,1.7,1.7,1.7,1.7,1.7,1.7,1.8,1.8,1.8,1.9,1.9,1.9,2.0,2.0,2.0,1.9,2.0,2.0,2.0,1.9,1.9,1.9,1.8,1.7,1.7,1.7,1.7,1.6,1.6,1.6
Female,10 - 14,160.2,N.A.,175.5,N.A.,187.6,N.A.,197.0,N.A.,205.4,N.A.,214.1,N.A.,223.5,N.A.,233.4,N.A.,243.3,N.A.,252.1,N.A.,259.6,N.A.,265.3,N.A.,270.1,N.A.,275.8,N.A.,273.6,N.A.,267.0,N.A.,255.3,N.A.,242.0,N.A.,235.5,N.A.,224.6,N.A.,216.7,N.A.,212.3,N.A.,210.3,N.A.,209.5,N.A.,209.3,N.A.,209.0,N.A.,207.4,N.A.,204.2,N.A.,202.2,N.A.,203.3,N.A.,201.2,N.A.,204.1,N.A.,207.2,N.A.,209.0,N.A.,210.0,N.A.,212.0,208.8,205.8,203.0,203.6,207.9,208.9,209.1,210.0,210.3,208.4,209.0,210.1,209.1,208.8,205.7,204.9,203.1,201.9,200.2,200.8,201.0,199.8,197.1,193.2,188.3,182.6,176.4,171.5,164.9,160.2,150.4,148.1,139.4,139.5,134.7,133.8,131.6,129.4,125.4,126.9,130.8,128.8,133.9,132.7,135.9,135.7,138.6,138.9,141.3,139.7,139.6,139.6,145.4,148.9,143.6,144.6,139.1,140.2,140.9,5.1,N.A.,5.3,N.A.,5.5,N.A.,5.6,N.A.,5.7,N.A.,5.9,N.A.,6.0,N.A.,6.1,N.A.,6.3,N.A.,6.4,N.A.,6.4,N.A.,6.4,N.A.,6.4,N.A.,6.3,N.A.,6.1,N.A.,5.9,N.A.,5.6,N.A.,5.2,N.A.,4.8,N.A.,4.4,N.A.,4.2,N.A.,4.0,N.A.,3.9,N.A.,3.9,N.A.,3.8,N.A.,3.8,N.A.,3.7,N.A.,3.6,N.A.,3.6,N.A.,3.6,N.A.,3.5,N.A.,3.5,N.A.,3.5,N.A.,3.5,N.A.,3.4,N.A.,3.3,3.2,3.2,3.1,3.1,3.2,3.2,3.1,3.2,3.1,3.1,3.1,3.1,3.1,3.1,3.0,3.0,3.0,3.0,2.9,2.9,2.9,2.9,2.8,2.8,2.7,2.6,2.5,2.4,2.3,2.3,2.1,2.1,1.9,1.9,1.9,1.9,1.8,1.8,1.7,1.7,1.8,1.7,1.8,1.8,1.8,1.8,1.8,1.9,1.9,1.9,1.9,1.9,1.9,2.0,1.9,1.9,1.9,1.9,1.9
Female,15 - 19,91.0,N.A.,101.7,N.A.,114.8,N.A.,130.2,N.A.,147.0,N.A.,162.1,N.A.,176.1,N.A.,187.8,N.A.,197.0,N.A.,205.9,N.A.,215.1,N.A.,224.7,N.A.,235.9,N.A.,247.8,N.A.,256.1,N.A.,263.4,N.A.,270.3,N.A.,275.3,N.A.,285.3,N.A.,283.3,N.A.,276.2,N.A.,264.1,N.A.,250.6,N.A.,237.6,N.A.,226.4,N.A.,217.5,N.A.,210.1,N.A.,207.2,N.A.,209.2,N.A.,208.0,N.A.,200.0,N.A.,195.8,N.A.,196.3,N.A.,199.3,N.A.,202.7,N.A.,216.4,223.9,224.3,230.1,227.9,231.1,225.8,226.9,222.6,221.4,216.7,214.6,213.3,211.6,210.5,213.0,214.4,214.6,214.0,214.8,213.9,215.6,214.8,215.4,214.3,210.6,209.3,208.6,207.7,206.7,206.4,205.5,204.4,201.7,197.0,193.9,188.0,181.3,175.8,169.1,164.4,154.5,150.9,142.5,143.6,139.3,138.0,137.8,133.0,129.2,130.0,135.3,131.5,139.5,141.4,143.0,139.1,134.0,134.2,140.8,2.9,N.A.,3.1,N.A.,3.4,N.A.,3.7,N.A.,4.1,N.A.,4.5,N.A.,4.7,N.A.,4.9,N.A.,5.1,N.A.,5.2,N.A.,5.3,N.A.,5.4,N.A.,5.6,N.A.,5.7,N.A.,5.7,N.A.,5.8,N.A.,5.9,N.A.,5.9,N.A.,5.8,N.A.,5.6,N.A.,5.3,N.A.,5.0,N.A.,4.7,N.A.,4.4,N.A.,4.1,N.A.,3.9,N.A.,3.8,N.A.,3.7,N.A.,3.7,N.A.,3.6,N.A.,3.5,N.A.,3.4,N.A.,3.3,N.A.,3.3,N.A.,3.3,N.A.,3.4,3.5,3.5,3.5,3.5,3.5,3.4,3.4,3.3,3.3,3.2,3.2,3.2,3.1,3.1,3.1,3.2,3.2,3.1,3.1,3.1,3.1,3.1,3.1,3.1,3.0,3.0,3.0,3.0,2.9,2.9,2.9,2.9,2.8,2.7,2.7,2.6,2.5,2.4,2.3,2.2,2.1,2.0,1.9,1.9,1.9,1.8,1.8,1.8,1.7,1.8,1.8,1.8,1.9,1.9,1.9,1.8,1.8,1.8,1.9
Female,20 - 24,91.6,N.A.,90.1,N.A.,88.7,N.A.,87.5,N.A.,89.3,N.A.,92.2,N.A.,101.7,N.A.,114.5,N.A.,129.7,N.A.,147.7,N.A.,164.4,N.A.,178.0,N.A.,189.9,N.A.,199.8,N.A.,209.2,N.A.,218.7,N.A.,229.0,N.A.,239.4,N.A.,261.4,N.A.,276.0,N.A.,287.5,N.A.,292.1,N.A.,293.4,N.A.,290.1,N.A.,284.3,N.A.,278.5,N.A.,268.3,N.A.,254.7,N.A.,241.1,N.A.,226.9,N.A.,227.4,N.A.,220.5,N.A.,220.7,N.A.,223.3,N.A.,226.1,N.A.,239.0,239.1,240.2,239.9,240.5,241.7,242.2,244.2,242.1,245.9,242.8,238.0,232.3,229.4,230.1,235.5,239.7,242.5,244.5,245.1,246.8,245.9,244.0,241.3,238.9,237.1,235.4,233.5,231.8,231.6,229.8,231.1,231.5,231.4,231.2,228.3,227.0,226.3,226.1,224.2,224.8,224.2,222.0,218.4,213.9,209.3,202.2,193.3,183.2,172.3,161.5,163.3,149.9,152.1,159.3,154.1,154.3,153.1,149.6,145.0,2.9,N.A.,2.7,N.A.,2.6,N.A.,2.5,N.A.,2.5,N.A.,2.5,N.A.,2.7,N.A.,3.0,N.A.,3.4,N.A.,3.7,N.A.,4.1,N.A.,4.3,N.A.,4.5,N.A.,4.6,N.A.,4.7,N.A.,4.8,N.A.,5.0,N.A.,5.1,N.A.,5.3,N.A.,5.5,N.A.,5.5,N.A.,5.5,N.A.,5.5,N.A.,5.4,N.A.,5.2,N.A.,5.0,N.A.,4.8,N.A.,4.5,N.A.,4.2,N.A.,4.0,N.A.,4.0,N.A.,3.8,N.A.,3.7,N.A.,3.7,N.A.,3.7,N.A.,3.7,3.7,3.7,3.7,3.7,3.7,3.7,3.7,3.6,3.7,3.6,3.5,3.4,3.4,3.4,3.5,3.5,3.6,3.6,3.6,3.6,3.6,3.5,3.5,3.4,3.4,3.4,3.3,3.3,3.3,3.3,3.2,3.2,3.2,3.2,3.2,3.1,3.1,3.1,3.1,3.1,3.0,3.0,2.9,2.9,2.8,2.7,2.6,2.4,2.3,2.2,2.2,2.0,2.0,2.1,2.0,2.1,2.0,2.0,1.9
Female,25 - 29,118.0,N.A.,114.4,N.A.,109.8,N.A.,104.0,N.A.,98.7,N.A.,92.8,N.A.,90.0,N.A.,88.2,N.A.,87.3,N.A.,89.9,N.A.,95.4,N.A.,104.4,N.A.,119.6,N.A.,140.7,N.A.,156.8,N.A.,170.5,N.A.,181.3,N.A.,191.8,N.A.,210.7,N.A.,222.4,N.A.,235.6,N.A.,249.3,N.A.,264.4,N.A.,277.9,N.A.,289.5,N.A.,298.0,N.A.,303.5,N.A.,307.6,N.A.,308.9,N.A.,305.1,N.A.,303.6,N.A.,296.1,N.A.,292.2,N.A.,289.9,N.A.,287.5,N.A.,289.3,287.0,288.9,287.5,289.8,285.3,287.0,286.6,290.6,286.7,283.6,279.7,274.4,266.2,263.3,261.8,262.2,262.0,266.2,274.0,278.5,282.7,287.0,291.9,297.3,299.1,301.7,302.8,304.6,304.1,304.6,303.8,302.8,298.1,294.7,292.6,290.8,288.0,287.6,285.3,282.5,279.2,275.3,272.0,270.2,265.9,265.5,262.7,258.1,248.6,243.9,236.3,228.8,230.3,226.8,222.6,215.6,210.0,204.3,196.8,3.7,N.A.,3.5,N.A.,3.2,N.A.,3.0,N.A.,2.7,N.A.,2.6,N.A.,2.4,N.A.,2.3,N.A.,2.3,N.A.,2.3,N.A.,2.4,N.A.,2.5,N.A.,2.8,N.A.,3.2,N.A.,3.5,N.A.,3.8,N.A.,4.0,N.A.,4.1,N.A.,4.3,N.A.,4.4,N.A.,4.5,N.A.,4.7,N.A.,4.9,N.A.,5.1,N.A.,5.3,N.A.,5.4,N.A.,5.4,N.A.,5.5,N.A.,5.4,N.A.,5.3,N.A.,5.3,N.A.,5.1,N.A.,5.0,N.A.,4.8,N.A.,4.7,N.A.,4.5,4.4,4.5,4.4,4.4,4.3,4.3,4.3,4.4,4.3,4.2,4.2,4.1,4.0,3.9,3.9,3.9,3.9,3.9,4.0,4.1,4.1,4.1,4.2,4.3,4.3,4.3,4.3,4.3,4.3,4.3,4.3,4.2,4.2,4.1,4.1,4.0,4.0,3.9,3.9,3.9,3.8,3.7,3.7,3.6,3.6,3.5,3.5,3.4,3.3,3.3,3.2,3.1,3.1,3.0,3.0,2.9,2.8,2.7,2.6
Female,30 - 34,124.8,N.A.,126.0,N.A.,125.9,N.A.,124.3,N.A.,122.0,N.A.,117.8,N.A.,113.8,N.A.,109.0,N.A.,103.5,N.A.,98.6,N.A.,94.4,N.A.,91.6,N.A.,90.3,N.A.,89.3,N.A.,89.7,N.A.,95.5,N.A.,109.6,N.A.,127.4,N.A.,151.5,N.A.,171.2,N.A.,190.6,N.A.,203.8,N.A.,214.0,N.A.,222.4,N.A.,232.4,N.A.,245.0,N.A.,259.4,N.A.,273.7,N.A.,288.2,N.A.,298.0,N.A.,308.8,N.A.,317.5,N.A.,327.2,N.A.,336.6,N.A.,342.4,N.A.,347.8,345.1,339.4,333.2,329.0,324.8,324.0,320.8,322.1,325.7,326.4,326.0,329.1,325.5,326.3,322.2,320.2,316.4,314.6,309.7,309.6,313.2,313.1,310.1,311.0,309.1,310.8,311.6,315.9,320.2,324.2,327.2,332.8,337.1,341.4,344.4,346.0,344.3,345.0,343.5,344.2,343.0,338.7,332.6,329.5,327.7,325.6,321.6,315.0,306.1,299.0,292.5,286.6,287.9,285.8,283.0,282.3,279.7,276.4,272.4,3.9,N.A.,3.8,N.A.,3.7,N.A.,3.5,N.A.,3.4,N.A.,3.2,N.A.,3.1,N.A.,2.9,N.A.,2.7,N.A.,2.5,N.A.,2.3,N.A.,2.2,N.A.,2.1,N.A.,2.0,N.A.,2.0,N.A.,2.1,N.A.,2.4,N.A.,2.7,N.A.,3.1,N.A.,3.4,N.A.,3.7,N.A.,3.9,N.A.,4.0,N.A.,4.1,N.A.,4.3,N.A.,4.4,N.A.,4.6,N.A.,4.9,N.A.,5.1,N.A.,5.2,N.A.,5.4,N.A.,5.5,N.A.,5.5,N.A.,5.6,N.A.,5.6,N.A.,5.4,5.3,5.2,5.1,5.0,4.9,4.9,4.8,4.8,4.9,4.9,4.8,4.9,4.8,4.8,4.8,4.7,4.7,4.6,4.5,4.5,4.5,4.5,4.5,4.5,4.4,4.5,4.5,4.5,4.5,4.6,4.6,4.7,4.7,4.8,4.8,4.8,4.7,4.7,4.7,4.7,4.6,4.6,4.5,4.4,4.4,4.3,4.3,4.2,4.1,4.0,4.0,3.9,3.9,3.8,3.8,3.8,3.7,3.7,3.6
Female,35 - 39,110.1,N.A.,113.3,N.A.,116.5,N.A.,119.5,N.A.,122.4,N.A.,123.6,N.A.,124.8,N.A.,124.7,N.A.,123.2,N.A.,121.4,N.A.,118.3,N.A.,114.3,N.A.,112.0,N.A.,112.0,N.A.,108.3,N.A.,103.6,N.A.,97.3,N.A.,92.3,N.A.,95.5,N.A.,99.2,N.A.,108.6,N.A.,123.3,N.A.,142.2,N.A.,161.8,N.A.,180.5,N.A.,196.5,N.A.,210.1,N.A.,220.2,N.A.,229.7,N.A.,238.7,N.A.,250.2,N.A.,265.5,N.A.,284.4,N.A.,303.0,N.A.,319.4,N.A.,336.5,337.4,342.0,347.2,352.7,355.3,361.4,366.3,366.5,367.8,370.5,370.4,368.3,359.5,354.3,349.5,344.4,336.6,334.3,334.3,331.4,331.3,331.7,333.4,334.1,331.6,331.7,332.5,332.0,328.4,328.1,330.3,331.5,329.1,328.8,329.1,329.5,330.2,334.0,338.7,343.3,347.3,352.5,357.9,363.5,367.3,369.2,367.6,364.3,357.4,353.2,343.9,333.7,334.3,333.0,331.4,331.1,328.5,326.6,326.0,3.5,N.A.,3.4,N.A.,3.4,N.A.,3.4,N.A.,3.4,N.A.,3.4,N.A.,3.4,N.A.,3.3,N.A.,3.2,N.A.,3.1,N.A.,2.9,N.A.,2.8,N.A.,2.6,N.A.,2.6,N.A.,2.4,N.A.,2.3,N.A.,2.1,N.A.,2.0,N.A.,1.9,N.A.,2.0,N.A.,2.1,N.A.,2.3,N.A.,2.7,N.A.,3.0,N.A.,3.3,N.A.,3.6,N.A.,3.8,N.A.,3.9,N.A.,4.0,N.A.,4.2,N.A.,4.3,N.A.,4.6,N.A.,4.8,N.A.,5.0,N.A.,5.2,N.A.,5.2,5.2,5.3,5.3,5.4,5.4,5.5,5.5,5.5,5.5,5.5,5.5,5.5,5.3,5.3,5.2,5.1,5.0,4.9,4.9,4.8,4.8,4.8,4.8,4.8,4.8,4.8,4.8,4.7,4.7,4.6,4.6,4.6,4.6,4.6,4.6,4.6,4.6,4.6,4.6,4.7,4.7,4.8,4.8,4.9,4.9,4.9,4.9,4.9,4.8,4.8,4.6,4.5,4.5,4.4,4.4,4.4,4.4,4.4,4.3
Female,40 - 44,96.8,N.A.,99.9,N.A.,102.6,N.A.,104.7,N.A.,106.9,N.A.,108.7,N.A.,111.8,N.A.,115.0,N.A.,118.2,N.A.,121.4,N.A.,123.8,N.A.,124.6,N.A.,124.5,N.A.,123.5,N.A.,121.6,N.A.,119.4,N.A.,118.2,N.A.,116.9,N.A.,117.4,N.A.,115.5,N.A.,113.3,N.A.,110.7,N.A.,107.7,N.A.,105.5,N.A.,107.0,N.A.,114.1,N.A.,127.4,N.A.,145.0,N.A.,164.5,N.A.,181.9,N.A.,197.0,N.A.,209.8,N.A.,222.2,N.A.,236.0,N.A.,248.2,N.A.,268.8,278.7,284.0,292.9,300.5,312.0,315.3,321.1,331.9,340.7,343.3,346.2,352.4,357.3,361.9,365.6,370.3,372.8,370.8,366.0,365.3,364.6,358.6,350.6,344.4,338.2,334.4,330.5,329.9,330.7,330.0,330.7,334.7,337.0,337.7,337.4,338.4,339.6,339.1,334.9,335.2,338.7,338.5,336.7,338.2,338.3,340.8,343.8,346.1,348.9,351.6,349.6,350.1,357.9,361.4,362.7,363.1,362.1,364.9,366.6,3.1,N.A.,3.0,N.A.,3.0,N.A.,3.0,N.A.,3.0,N.A.,3.0,N.A.,3.0,N.A.,3.0,N.A.,3.1,N.A.,3.1,N.A.,3.1,N.A.,3.0,N.A.,2.9,N.A.,2.8,N.A.,2.7,N.A.,2.6,N.A.,2.6,N.A.,2.5,N.A.,2.4,N.A.,2.3,N.A.,2.2,N.A.,2.1,N.A.,2.0,N.A.,2.0,N.A.,2.0,N.A.,2.1,N.A.,2.3,N.A.,2.6,N.A.,2.9,N.A.,3.2,N.A.,3.4,N.A.,3.6,N.A.,3.8,N.A.,3.9,N.A.,4.0,N.A.,4.2,4.3,4.4,4.5,4.6,4.7,4.8,4.8,5.0,5.1,5.1,5.1,5.2,5.3,5.4,5.4,5.5,5.5,5.4,5.4,5.3,5.3,5.2,5.1,4.9,4.9,4.8,4.7,4.7,4.7,4.7,4.7,4.7,4.7,4.7,4.7,4.7,4.7,4.7,4.6,4.6,4.6,4.6,4.5,4.5,4.5,4.5,4.6,4.6,4.7,4.7,4.7,4.8,4.8,4.8,4.8,4.8,4.8,4.9,4.9
Female,45 - 49,82.6,N.A.,85.5,N.A.,88.1,N.A.,90.6,N.A.,93.4,N.A.,95.6,N.A.,98.4,N.A.,101.0,N.A.,103.1,N.A.,105.7,N.A.,108.4,N.A.,111.7,N.A.,116.5,N.A.,121.5,N.A.,122.9,N.A.,123.3,N.A.,123.6,N.A.,123.3,N.A.,125.0,N.A.,124.6,N.A.,123.6,N.A.,123.8,N.A.,123.8,N.A.,122.3,N.A.,120.5,N.A.,117.5,N.A.,113.0,N.A.,108.6,N.A.,106.2,N.A.,107.1,N.A.,114.3,N.A.,127.0,N.A.,144.6,N.A.,165.7,N.A.,186.4,N.A.,212.4,218.6,224.7,230.4,235.8,240.9,245.6,251.1,253.9,261.3,269.2,279.1,286.7,294.4,302.3,311.9,317.0,322.4,328.7,335.6,335.7,335.0,337.7,343.4,348.2,350.9,354.7,358.2,357.9,356.1,356.4,355.7,351.3,343.7,337.0,332.9,329.1,324.9,323.8,325.9,326.8,329.7,334.1,338.6,341.0,343.3,346.8,348.5,345.1,340.2,340.8,337.3,331.8,332.9,332.5,330.5,330.9,332.6,339.5,345.7,2.6,N.A.,2.6,N.A.,2.6,N.A.,2.6,N.A.,2.6,N.A.,2.6,N.A.,2.6,N.A.,2.7,N.A.,2.7,N.A.,2.7,N.A.,2.7,N.A.,2.7,N.A.,2.7,N.A.,2.8,N.A.,2.8,N.A.,2.7,N.A.,2.7,N.A.,2.6,N.A.,2.5,N.A.,2.5,N.A.,2.4,N.A.,2.4,N.A.,2.3,N.A.,2.3,N.A.,2.2,N.A.,2.1,N.A.,2.0,N.A.,1.9,N.A.,1.9,N.A.,1.9,N.A.,2.0,N.A.,2.2,N.A.,2.4,N.A.,2.7,N.A.,3.0,N.A.,3.3,3.4,3.5,3.5,3.6,3.7,3.7,3.8,3.8,3.9,4.0,4.1,4.3,4.4,4.5,4.6,4.7,4.7,4.8,4.9,4.9,4.9,4.9,5.0,5.0,5.0,5.1,5.1,5.1,5.1,5.0,5.0,4.9,4.8,4.7,4.6,4.6,4.5,4.4,4.5,4.5,4.5,4.5,4.6,4.6,4.6,4.6,4.6,4.6,4.6,4.6,4.6,4.5,4.5,4.4,4.4,4.4,4.4,4.5,4.6
Female,50 - 54,69.3,N.A.,72.6,N.A.,75.2,N.A.,77.3,N.A.,79.3,N.A.,80.9,N.A.,83.4,N.A.,85.9,N.A.,88.5,N.A.,91.6,N.A.,94.6,N.A.,97.3,N.A.,101.2,N.A.,106.5,N.A.,109.8,N.A.,112.8,N.A.,115.4,N.A.,117.6,N.A.,120.7,N.A.,123.0,N.A.,124.6,N.A.,125.6,N.A.,126.4,N.A.,126.5,N.A.,126.4,N.A.,126.9,N.A.,125.8,N.A.,124.0,N.A.,121.5,N.A.,117.9,N.A.,115.0,N.A.,110.9,N.A.,107.3,N.A.,105.4,N.A.,107.5,N.A.,119.7,127.8,134.6,144.6,151.6,162.9,169.8,181.5,190.8,202.6,210.3,216.8,223.4,228.6,233.0,239.2,245.0,250.6,256.0,261.4,267.6,275.7,280.8,288.3,295.7,304.1,306.9,311.3,317.7,324.0,324.9,325.2,329.6,335.3,340.4,344.2,347.9,351.2,351.3,349.8,350.2,350.3,344.6,338.4,333.8,332.5,331.7,326.8,327.1,329.1,330.2,330.1,333.1,340.2,341.3,341.9,344.0,342.2,341.7,338.8,2.2,N.A.,2.2,N.A.,2.2,N.A.,2.2,N.A.,2.2,N.A.,2.2,N.A.,2.2,N.A.,2.3,N.A.,2.3,N.A.,2.3,N.A.,2.3,N.A.,2.4,N.A.,2.4,N.A.,2.4,N.A.,2.5,N.A.,2.5,N.A.,2.5,N.A.,2.5,N.A.,2.4,N.A.,2.4,N.A.,2.4,N.A.,2.4,N.A.,2.4,N.A.,2.3,N.A.,2.3,N.A.,2.3,N.A.,2.3,N.A.,2.2,N.A.,2.1,N.A.,2.1,N.A.,2.0,N.A.,1.9,N.A.,1.8,N.A.,1.7,N.A.,1.7,N.A.,1.9,2.0,2.1,2.2,2.3,2.5,2.6,2.7,2.9,3.0,3.1,3.2,3.3,3.4,3.5,3.5,3.6,3.7,3.8,3.8,3.9,4.0,4.1,4.2,4.3,4.4,4.4,4.5,4.5,4.6,4.6,4.6,4.6,4.7,4.7,4.8,4.8,4.8,4.8,4.8,4.8,4.7,4.7,4.6,4.5,4.4,4.4,4.3,4.4,4.4,4.5,4.5,4.5,4.6,4.5,4.5,4.6,4.6,4.6,4.5
Female,55 - 59,53.1,N.A.,55.5,N.A.,58.1,N.A.,61.1,N.A.,64.3,N.A.,67.2,N.A.,70.1,N.A.,72.6,N.A.,74.6,N.A.,76.7,N.A.,78.9,N.A.,81.5,N.A.,85.0,N.A.,88.9,N.A.,91.3,N.A.,93.8,N.A.,97.1,N.A.,100.6,N.A.,103.9,N.A.,105.8,N.A.,107.4,N.A.,111.5,N.A.,115.1,N.A.,118.0,N.A.,120.1,N.A.,121.6,N.A.,123.2,N.A.,124.6,N.A.,124.8,N.A.,123.5,N.A.,123.3,N.A.,122.6,N.A.,121.5,N.A.,120.2,N.A.,118.5,N.A.,118.5,116.1,113.5,111.2,107.8,107.7,107.9,109.3,109.4,112.5,116.6,125.4,133.3,142.3,150.1,159.9,168.2,180.3,190.1,201.0,207.8,213.7,219.4,224.8,229.0,234.2,239.0,243.2,247.4,252.5,259.2,267.4,273.1,280.7,288.0,296.6,299.2,303.3,309.4,315.3,316.2,317.7,323.6,331.0,337.7,342.3,347.0,350.2,348.0,345.4,346.0,341.9,335.2,333.7,329.5,325.7,323.0,320.3,322.7,324.4,1.7,N.A.,1.7,N.A.,1.7,N.A.,1.7,N.A.,1.8,N.A.,1.9,N.A.,1.9,N.A.,1.9,N.A.,1.9,N.A.,1.9,N.A.,2.0,N.A.,2.0,N.A.,2.0,N.A.,2.0,N.A.,2.0,N.A.,2.1,N.A.,2.1,N.A.,2.2,N.A.,2.1,N.A.,2.1,N.A.,2.1,N.A.,2.1,N.A.,2.2,N.A.,2.2,N.A.,2.2,N.A.,2.2,N.A.,2.2,N.A.,2.2,N.A.,2.2,N.A.,2.2,N.A.,2.1,N.A.,2.1,N.A.,2.1,N.A.,2.0,N.A.,1.9,N.A.,1.8,1.8,1.7,1.7,1.6,1.6,1.6,1.6,1.6,1.7,1.7,1.9,2.0,2.1,2.2,2.4,2.5,2.7,2.8,2.9,3.0,3.1,3.2,3.2,3.3,3.4,3.4,3.5,3.5,3.6,3.7,3.8,3.8,3.9,4.0,4.1,4.1,4.2,4.2,4.3,4.3,4.3,4.4,4.5,4.5,4.6,4.6,4.7,4.7,4.7,4.7,4.6,4.6,4.5,4.4,4.3,4.3,4.3,4.3,4.3
Female,60 - 64,43.0,N.A.,45.5,N.A.,47.1,N.A.,48.2,N.A.,49.3,N.A.,50.5,N.A.,52.6,N.A.,55.1,N.A.,57.9,N.A.,61.2,N.A.,64.3,N.A.,66.9,N.A.,70.0,N.A.,73.9,N.A.,76.7,N.A.,79.0,N.A.,81.3,N.A.,83.9,N.A.,87.9,N.A.,90.7,N.A.,93.3,N.A.,95.4,N.A.,97.6,N.A.,100.1,N.A.,103.7,N.A.,107.6,N.A.,110.3,N.A.,112.4,N.A.,114.1,N.A.,115.2,N.A.,118.0,N.A.,120.1,N.A.,121.2,N.A.,122.2,N.A.,122.6,N.A.,128.1,129.5,128.1,128.9,125.3,125.8,122.9,122.9,121.6,121.0,117.1,114.2,112.5,109.3,107.3,105.5,106.8,108.6,109.9,112.2,116.3,124.2,131.7,140.8,148.5,157.7,165.8,177.2,186.8,197.5,204.5,209.7,214.8,219.5,222.7,227.9,232.6,236.1,239.8,244.6,251.2,260.7,267.2,276.1,285.3,295.0,298.5,302.7,307.2,312.1,313.6,315.7,324.5,334.5,340.7,343.4,346.4,347.1,344.9,341.3,1.4,N.A.,1.4,N.A.,1.4,N.A.,1.4,N.A.,1.4,N.A.,1.4,N.A.,1.4,N.A.,1.4,N.A.,1.5,N.A.,1.5,N.A.,1.6,N.A.,1.6,N.A.,1.6,N.A.,1.7,N.A.,1.7,N.A.,1.7,N.A.,1.8,N.A.,1.8,N.A.,1.8,N.A.,1.8,N.A.,1.8,N.A.,1.8,N.A.,1.8,N.A.,1.9,N.A.,1.9,N.A.,1.9,N.A.,2.0,N.A.,2.0,N.A.,2.0,N.A.,2.0,N.A.,2.1,N.A.,2.1,N.A.,2.1,N.A.,2.0,N.A.,2.0,N.A.,2.0,2.0,2.0,2.0,1.9,1.9,1.9,1.9,1.8,1.8,1.7,1.7,1.7,1.6,1.6,1.6,1.6,1.6,1.6,1.6,1.7,1.8,1.9,2.0,2.1,2.3,2.4,2.5,2.7,2.8,2.9,2.9,3.0,3.1,3.1,3.2,3.2,3.3,3.3,3.3,3.4,3.5,3.6,3.7,3.8,3.9,4.0,4.0,4.1,4.2,4.2,4.3,4.4,4.5,4.5,4.6,4.6,4.6,4.6,4.5
Female,65 - 69,30.3,N.A.,32.2,N.A.,34.2,N.A.,36.5,N.A.,38.7,N.A.,40.5,N.A.,42.2,N.A.,43.5,N.A.,44.5,N.A.,45.7,N.A.,47.2,N.A.,49.3,N.A.,52.3,N.A.,55.1,N.A.,56.2,N.A.,57.5,N.A.,60.9,N.A.,65.9,N.A.,70.8,N.A.,73.4,N.A.,76.3,N.A.,78.7,N.A.,80.9,N.A.,82.4,N.A.,83.8,N.A.,85.9,N.A.,88.7,N.A.,91.5,N.A.,93.9,N.A.,95.5,N.A.,98.9,N.A.,102.5,N.A.,106.1,N.A.,109.5,N.A.,112.5,N.A.,119.6,120.3,121.2,120.8,122.0,123.1,122.8,123.5,122.6,122.4,121.9,123.0,123.0,123.5,122.2,122.6,121.7,120.7,119.9,119.6,116.6,114.1,112.3,109.6,107.1,104.8,105.3,106.6,107.4,109.2,112.8,121.6,129.6,138.7,146.4,155.5,163.3,174.2,182.8,192.8,199.2,204.1,209.3,214.9,219.5,226.1,230.7,234.7,238.2,243.9,252.7,261.2,269.4,282.2,292.5,299.6,300.9,304.3,308.1,311.2,1.0,N.A.,1.0,N.A.,1.0,N.A.,1.0,N.A.,1.1,N.A.,1.1,N.A.,1.1,N.A.,1.1,N.A.,1.2,N.A.,1.2,N.A.,1.2,N.A.,1.2,N.A.,1.2,N.A.,1.3,N.A.,1.3,N.A.,1.3,N.A.,1.3,N.A.,1.4,N.A.,1.4,N.A.,1.4,N.A.,1.5,N.A.,1.5,N.A.,1.5,N.A.,1.5,N.A.,1.5,N.A.,1.6,N.A.,1.6,N.A.,1.6,N.A.,1.7,N.A.,1.7,N.A.,1.7,N.A.,1.8,N.A.,1.8,N.A.,1.8,N.A.,1.8,N.A.,1.9,1.9,1.9,1.9,1.9,1.9,1.9,1.9,1.8,1.8,1.8,1.8,1.8,1.8,1.8,1.8,1.8,1.8,1.8,1.7,1.7,1.7,1.6,1.6,1.5,1.5,1.5,1.5,1.5,1.5,1.6,1.7,1.8,1.9,2.0,2.2,2.3,2.4,2.5,2.6,2.7,2.8,2.8,2.9,2.9,3.0,3.1,3.1,3.2,3.3,3.4,3.5,3.7,3.8,3.9,4.0,4.0,4.1,4.1,4.1
Female,70 - 74,20.1,N.A.,21.3,N.A.,22.5,N.A.,23.6,N.A.,24.9,N.A.,26.2,N.A.,27.9,N.A.,29.9,N.A.,32.0,N.A.,34.1,N.A.,36.1,N.A.,37.6,N.A.,39.8,N.A.,43.0,N.A.,44.7,N.A.,45.9,N.A.,46.4,N.A.,47.7,N.A.,51.0,N.A.,53.9,N.A.,57.0,N.A.,58.7,N.A.,60.7,N.A.,63.2,N.A.,66.2,N.A.,68.8,N.A.,70.3,N.A.,70.8,N.A.,71.9,N.A.,73.3,N.A.,75.5,N.A.,78.3,N.A.,81.6,N.A.,85.4,N.A.,88.9,N.A.,96.2,97.3,97.7,99.0,100.7,101.9,102.0,102.9,104.6,107.1,107.9,108.7,109.6,110.0,111.2,113.3,114.7,116.6,115.6,114.3,115.9,118.6,119.7,120.8,119.6,119.5,118.4,117.6,116.9,116.4,113.7,110.6,108.3,105.6,103.6,101.4,101.9,103.0,103.4,105.2,108.6,117.2,124.7,133.3,140.6,150.0,157.7,167.2,173.7,182.6,188.8,194.4,202.1,212.1,219.3,225.2,230.3,235.4,239.3,242.8,0.6,N.A.,0.6,N.A.,0.7,N.A.,0.7,N.A.,0.7,N.A.,0.7,N.A.,0.8,N.A.,0.8,N.A.,0.8,N.A.,0.9,N.A.,0.9,N.A.,0.9,N.A.,0.9,N.A.,1.0,N.A.,1.0,N.A.,1.0,N.A.,1.0,N.A.,1.0,N.A.,1.0,N.A.,1.1,N.A.,1.1,N.A.,1.1,N.A.,1.1,N.A.,1.2,N.A.,1.2,N.A.,1.2,N.A.,1.3,N.A.,1.3,N.A.,1.3,N.A.,1.3,N.A.,1.3,N.A.,1.4,N.A.,1.4,N.A.,1.4,N.A.,1.4,N.A.,1.5,1.5,1.5,1.5,1.5,1.5,1.5,1.5,1.6,1.6,1.6,1.6,1.6,1.6,1.7,1.7,1.7,1.7,1.7,1.7,1.7,1.7,1.7,1.7,1.7,1.7,1.7,1.7,1.7,1.6,1.6,1.6,1.5,1.5,1.4,1.4,1.4,1.4,1.4,1.4,1.5,1.6,1.7,1.8,1.9,2.0,2.1,2.2,2.3,2.5,2.5,2.6,2.8,2.8,2.9,3.0,3.1,3.1,3.2,3.2
Female,75 - 79,10.2,N.A.,11.2,N.A.,12.3,N.A.,13.6,N.A.,14.9,N.A.,16.0,N.A.,17.0,N.A.,18.0,N.A.,19.0,N.A.,20.1,N.A.,21.5,N.A.,23.0,N.A.,25.0,N.A.,27.0,N.A.,27.9,N.A.,28.9,N.A.,31.2,N.A.,33.6,N.A.,35.2,N.A.,36.9,N.A.,37.3,N.A.,39.0,N.A.,40.5,N.A.,41.3,N.A.,42.2,N.A.,43.6,N.A.,45.7,N.A.,48.1,N.A.,50.2,N.A.,52.0,N.A.,53.7,N.A.,56.0,N.A.,58.4,N.A.,60.7,N.A.,63.1,N.A.,68.2,69.3,70.8,72.1,73.2,75.0,76.8,77.3,78.2,79.2,80.5,82.1,84.3,85.9,86.9,89.2,89.9,90.4,92.4,95.6,96.3,97.4,98.6,100.1,101.8,104.1,105.5,107.2,107.2,107.0,108.2,109.7,109.8,110.8,109.8,110.2,109.4,109.0,108.3,107.8,105.2,101.6,99.1,96.5,94.9,93.1,93.4,93.7,92.6,95.1,100.5,107.5,114.1,124.0,132.1,142.3,151.6,161.9,168.6,176.4,0.3,N.A.,0.3,N.A.,0.4,N.A.,0.4,N.A.,0.4,N.A.,0.4,N.A.,0.5,N.A.,0.5,N.A.,0.5,N.A.,0.5,N.A.,0.5,N.A.,0.6,N.A.,0.6,N.A.,0.6,N.A.,0.6,N.A.,0.6,N.A.,0.7,N.A.,0.7,N.A.,0.7,N.A.,0.7,N.A.,0.7,N.A.,0.7,N.A.,0.8,N.A.,0.8,N.A.,0.8,N.A.,0.8,N.A.,0.8,N.A.,0.9,N.A.,0.9,N.A.,0.9,N.A.,0.9,N.A.,1.0,N.A.,1.0,N.A.,1.0,N.A.,1.0,N.A.,1.1,1.1,1.1,1.1,1.1,1.1,1.2,1.2,1.2,1.2,1.2,1.2,1.3,1.3,1.3,1.3,1.3,1.3,1.4,1.4,1.4,1.4,1.4,1.4,1.5,1.5,1.5,1.5,1.5,1.5,1.5,1.5,1.5,1.5,1.5,1.5,1.5,1.5,1.5,1.5,1.4,1.4,1.3,1.3,1.3,1.2,1.2,1.2,1.2,1.3,1.4,1.5,1.6,1.7,1.8,1.9,2.0,2.2,2.2,2.3
Female,80 - 84,5.5,N.A.,5.5,N.A.,5.6,N.A.,5.8,N.A.,6.3,N.A.,6.9,N.A.,7.7,N.A.,8.5,N.A.,9.5,N.A.,10.5,N.A.,11.4,N.A.,12.1,N.A.,13.2,N.A.,14.4,N.A.,14.5,N.A.,15.2,N.A.,16.1,N.A.,17.3,N.A.,18.8,N.A.,19.9,N.A.,21.7,N.A.,22.3,N.A.,23.2,N.A.,24.7,N.A.,26.4,N.A.,28.4,N.A.,27.9,N.A.,26.9,N.A.,26.7,N.A.,27.2,N.A.,30.3,N.A.,31.0,N.A.,32.8,N.A.,36.1,N.A.,39.1,N.A.,43.4,43.3,43.8,43.6,44.4,44.8,46.2,47.4,48.9,50.2,52.1,54.1,55.1,57.0,58.4,60.7,62.1,64.0,65.1,66.2,67.9,69.8,71.7,73.2,74.2,75.9,76.6,77.5,79.6,82.7,83.8,84.9,85.6,86.7,88.3,90.4,91.4,92.8,92.4,92.0,92.9,94.3,94.1,94.9,93.7,93.9,92.6,91.3,89.6,88.5,85.5,83.5,82.2,81.3,81.3,80.3,81.7,82.9,82.6,85.5,0.2,N.A.,0.2,N.A.,0.2,N.A.,0.2,N.A.,0.2,N.A.,0.2,N.A.,0.2,N.A.,0.2,N.A.,0.2,N.A.,0.3,N.A.,0.3,N.A.,0.3,N.A.,0.3,N.A.,0.3,N.A.,0.3,N.A.,0.3,N.A.,0.4,N.A.,0.4,N.A.,0.4,N.A.,0.4,N.A.,0.4,N.A.,0.4,N.A.,0.4,N.A.,0.5,N.A.,0.5,N.A.,0.5,N.A.,0.5,N.A.,0.5,N.A.,0.5,N.A.,0.5,N.A.,0.5,N.A.,0.5,N.A.,0.6,N.A.,0.6,N.A.,0.6,N.A.,0.7,0.7,0.7,0.7,0.7,0.7,0.7,0.7,0.7,0.7,0.8,0.8,0.8,0.8,0.9,0.9,0.9,0.9,1.0,1.0,1.0,1.0,1.0,1.1,1.1,1.1,1.1,1.1,1.1,1.2,1.2,1.2,1.2,1.2,1.2,1.3,1.3,1.3,1.3,1.3,1.3,1.3,1.3,1.3,1.3,1.3,1.2,1.2,1.2,1.2,1.2,1.1,1.1,1.1,1.1,1.1,1.1,1.1,1.1,1.1
Female,≥85,2.0,N.A.,2.6,N.A.,3.1,N.A.,3.5,N.A.,3.9,N.A.,4.2,N.A.,4.4,N.A.,4.6,N.A.,4.9,N.A.,5.3,N.A.,6.0,N.A.,6.6,N.A.,7.4,N.A.,8.1,N.A.,9.0,N.A.,9.1,N.A.,9.8,N.A.,10.7,N.A.,11.6,N.A.,12.5,N.A.,12.9,N.A.,13.7,N.A.,14.7,N.A.,15.9,N.A.,17.3,N.A.,18.6,N.A.,20.5,N.A.,21.9,N.A.,23.0,N.A.,23.1,N.A.,22.2,N.A.,23.8,N.A.,25.3,N.A.,26.9,N.A.,28.9,N.A.,31.1,31.7,33.1,33.4,34.4,34.5,35.9,36.5,38.7,40.7,43.0,45.2,46.5,48.7,49.8,51.7,53.0,55.6,57.0,59.9,62.2,65.2,66.6,69.3,70.7,73.4,75.0,78.1,79.7,82.8,84.7,88.7,90.5,94.4,96.8,100.9,101.9,105.1,107.7,113.0,114.3,117.9,119.9,123.7,126.3,131.3,132.2,135.1,138.0,140.9,141.7,145.6,143.5,145.9,146.3,150.0,149.2,151.8,149.7,152.9,0.1,N.A.,0.1,N.A.,0.1,N.A.,0.1,N.A.,0.1,N.A.,0.1,N.A.,0.1,N.A.,0.1,N.A.,0.1,N.A.,0.1,N.A.,0.1,N.A.,0.2,N.A.,0.2,N.A.,0.2,N.A.,0.2,N.A.,0.2,N.A.,0.2,N.A.,0.2,N.A.,0.2,N.A.,0.2,N.A.,0.2,N.A.,0.3,N.A.,0.3,N.A.,0.3,N.A.,0.3,N.A.,0.3,N.A.,0.4,N.A.,0.4,N.A.,0.4,N.A.,0.4,N.A.,0.4,N.A.,0.4,N.A.,0.4,N.A.,0.4,N.A.,0.5,N.A.,0.5,0.5,0.5,0.5,0.5,0.5,0.5,0.6,0.6,0.6,0.6,0.7,0.7,0.7,0.7,0.8,0.8,0.8,0.8,0.9,0.9,0.9,1.0,1.0,1.0,1.1,1.1,1.1,1.1,1.2,1.2,1.2,1.3,1.3,1.3,1.4,1.4,1.5,1.5,1.5,1.6,1.6,1.6,1.7,1.7,1.8,1.8,1.8,1.8,1.9,1.9,2.0,2.0,2.0,1.9,2.0,2.0,2.0,2.0,2.0
Female,All age groups,1581.2,N.A.,1638.6,N.A.,1690.8,N.A.,1735.4,N.A.,1779.9,N.A.,1811.1,N.A.,1849.4,N.A.,1884.9,N.A.,1916.6,N.A.,1952.7,N.A.,1988.1,N.A.,2023.3,N.A.,2078.2,N.A.,2147.1,N.A.,2177.4,N.A.,2202.0,N.A.,2234.1,N.A.,2275.2,N.A.,2383.7,N.A.,2434.1,N.A.,2483.7,N.A.,2529.7,2550.7,2573.9,2585.3,2606.2,2619.3,2640.6,2657.9,2679.7,2701.1,2709.6,2731.2,2735.6,2763.5,2770.1,2795.7,2782.4,2813.9,2813.8,2852.7,2853.5,2904.4,2918.7,2972.0,2995.9,3045.5,3071.8,3129.9,3215.5,3237.2,3253.9,3274.7,3293.8,3322.7,3341.8,3366.6,3388.5,3423.0,3432.3,3447.4,3464.5,3458.8,3471.7,3497.5,3516.7,3531.2,3549.2,3569.8,3587.0,3618.8,3632.4,3650.8,3667.6,3675.0,3688.0,3707.2,3729.9,3751.4,3768.6,3795.2,3822.8,3838.9,3849.0,3870.4,3885.0,3900.9,3925.7,3941.1,3961.2,3987.6,3999.6,4015.3,4041.2,4065.4,4083.9,4088.1,4064.5,4039.0,4030.8,4023.0,3991.6,4062.8,4100.9,4102.6,4106.2,4096.1,4098.8,4106.4,49.9,N.A.,49.6,N.A.,49.4,N.A.,49.5,N.A.,49.5,N.A.,49.9,N.A.,49.7,N.A.,49.6,N.A.,49.6,N.A.,49.3,N.A.,49.1,N.A.,49.1,N.A.,49.0,N.A.,49.0,N.A.,48.8,N.A.,48.7,N.A.,48.7,N.A.,48.7,N.A.,48.4,N.A.,48.1,N.A.,47.9,N.A.,48.1,47.9,48.2,48.1,48.3,48.2,48.4,48.3,48.5,48.5,48.6,48.6,48.6,48.7,48.7,48.8,48.8,48.9,48.9,49.1,49.2,49.3,49.5,49.5,49.6,49.8,49.9,49.9,50.0,50.1,50.1,50.3,50.3,50.5,50.6,50.7,50.8,51.0,51.1,51.2,51.4,51.4,51.6,51.7,51.8,51.9,52.1,52.2,52.3,52.4,52.5,52.6,52.7,52.8,52.9,53.0,53.1,53.2,53.3,53.4,53.5,53.5,53.6,53.7,53.7,53.8,53.8,53.9,54.0,54.0,54.1,54.2,54.2,54.3,54.4,54.4,54.3,54.4,54.4,54.4,54.3,54.4,54.4,54.5,54.6,54.6,54.7,54.7
Both sexes,0 - 4,528.9,N.A.,534.9,N.A.,541.2,N.A.,540.3,N.A.,533.3,N.A.,516.7,N.A.,491.8,N.A.,466.3,N.A.,443.0,N.A.,421.4,N.A.,406.0,N.A.,397.7,N.A.,396.8,N.A.,400.2,N.A.,403.2,N.A.,398.5,N.A.,398.3,N.A.,397.5,N.A.,408.3,N.A.,408.2,N.A.,414.7,N.A.,422.2,N.A.,427.4,N.A.,426.2,N.A.,422.1,N.A.,416.5,N.A.,401.7,N.A.,387.5,N.A.,384.0,N.A.,375.7,N.A.,369.2,N.A.,370.1,N.A.,372.3,N.A.,372.2,N.A.,377.6,N.A.,378.5,368.5,363.2,348.7,339.7,325.9,322.3,305.3,294.7,282.5,272.8,261.8,251.7,242.0,237.3,234.2,227.7,224.9,221.1,213.9,213.0,221.5,214.5,223.5,219.2,226.2,226.0,231.3,238.0,248.6,249.2,254.9,262.3,264.2,259.7,258.5,265.5,271.2,281.8,279.1,279.5,278.8,273.3,262.7,267.8,265.4,261.5,255.2,246.7,236.6,229.0,221.9,213.1,205.9,201.8,194.3,188.6,181.3,174.1,166.3,16.7,N.A.,16.2,N.A.,15.8,N.A.,15.4,N.A.,14.8,N.A.,14.2,N.A.,13.2,N.A.,12.3,N.A.,11.5,N.A.,10.6,N.A.,10.0,N.A.,9.6,N.A.,9.4,N.A.,9.1,N.A.,9.0,N.A.,8.8,N.A.,8.7,N.A.,8.5,N.A.,8.3,N.A.,8.1,N.A.,8.0,N.A.,8.0,N.A.,8.0,N.A.,7.9,N.A.,7.7,N.A.,7.5,N.A.,7.2,N.A.,6.9,N.A.,6.8,N.A.,6.6,N.A.,6.4,N.A.,6.4,N.A.,6.3,N.A.,6.2,N.A.,6.1,N.A.,5.9,5.7,5.6,5.4,5.2,5.0,4.9,4.6,4.4,4.2,4.1,3.9,3.7,3.6,3.5,3.5,3.4,3.3,3.2,3.1,3.1,3.2,3.1,3.2,3.2,3.2,3.2,3.3,3.4,3.5,3.5,3.6,3.7,3.7,3.6,3.6,3.7,3.7,3.9,3.8,3.8,3.8,3.7,3.5,3.6,3.5,3.5,3.4,3.3,3.2,3.1,3.0,2.9,2.8,2.7,2.6,2.5,2.4,2.3,2.2
Both sexes,5 - 9,433.7,N.A.,466.7,N.A.,478.2,N.A.,498.4,N.A.,516.2,N.A.,530.2,N.A.,539.5,N.A.,543.5,N.A.,541.0,N.A.,531.4,N.A.,514.7,N.A.,496.0,N.A.,479.4,N.A.,462.4,N.A.,439.7,N.A.,421.5,N.A.,408.5,N.A.,405.4,N.A.,421.6,N.A.,422.2,N.A.,416.2,N.A.,419.6,N.A.,420.4,N.A.,419.2,N.A.,418.1,N.A.,419.0,N.A.,425.3,N.A.,431.7,N.A.,434.8,N.A.,426.2,N.A.,409.9,N.A.,399.6,N.A.,390.7,N.A.,387.7,N.A.,385.0,N.A.,387.6,388.6,390.6,395.2,399.1,399.7,402.2,401.7,401.5,399.9,396.4,391.7,389.6,378.2,372.4,365.5,355.6,341.3,332.8,323.0,314.1,299.3,294.3,277.7,280.4,266.3,262.9,257.1,253.2,243.9,243.2,248.7,244.2,252.6,248.1,259.3,262.7,268.4,279.2,289.2,291.8,296.2,301.3,305.7,305.9,302.0,309.7,307.9,303.1,293.5,289.4,282.2,270.9,264.2,269.3,266.3,262.1,255.4,250.9,245.5,13.7,N.A.,14.1,N.A.,14.0,N.A.,14.2,N.A.,14.3,N.A.,14.6,N.A.,14.5,N.A.,14.3,N.A.,14.0,N.A.,13.4,N.A.,12.7,N.A.,12.0,N.A.,11.3,N.A.,10.6,N.A.,9.9,N.A.,9.3,N.A.,8.9,N.A.,8.7,N.A.,8.6,N.A.,8.3,N.A.,8.0,N.A.,8.0,N.A.,7.9,N.A.,7.8,N.A.,7.7,N.A.,7.6,N.A.,7.6,N.A.,7.7,N.A.,7.6,N.A.,7.5,N.A.,7.1,N.A.,6.9,N.A.,6.6,N.A.,6.4,N.A.,6.3,N.A.,6.0,6.0,6.0,6.1,6.1,6.1,6.1,6.1,6.0,6.0,5.9,5.8,5.8,5.6,5.5,5.4,5.2,5.0,4.9,4.7,4.6,4.3,4.3,4.0,4.0,3.8,3.8,3.7,3.6,3.5,3.4,3.5,3.4,3.5,3.5,3.6,3.6,3.7,3.8,4.0,4.0,4.0,4.1,4.1,4.1,4.0,4.1,4.1,4.1,4.0,3.9,3.8,3.7,3.5,3.6,3.5,3.5,3.4,3.3,3.3
Both sexes,10 - 14,321.3,N.A.,353.5,N.A.,379.2,N.A.,399.8,N.A.,418.6,N.A.,437.8,N.A.,458.1,N.A.,478.8,N.A.,498.9,N.A.,516.6,N.A.,531.4,N.A.,542.5,N.A.,552.5,N.A.,562.6,N.A.,559.5,N.A.,546.2,N.A.,522.7,N.A.,496.7,N.A.,484.2,N.A.,462.7,N.A.,446.4,N.A.,439.6,N.A.,437.9,N.A.,437.5,N.A.,438.1,N.A.,438.2,N.A.,433.6,N.A.,426.6,N.A.,421.7,N.A.,424.4,N.A.,419.6,N.A.,422.0,N.A.,425.6,N.A.,430.1,N.A.,432.5,N.A.,438.0,429.8,424.2,418.8,420.6,429.0,429.8,430.4,431.9,432.4,429.3,429.9,432.7,431.0,429.9,423.6,421.9,418.1,415.0,411.6,412.1,412.9,409.7,404.0,396.6,386.9,374.9,362.5,353.0,339.6,331.1,310.9,306.4,288.6,288.7,277.6,275.3,270.2,265.4,256.9,259.2,267.5,263.7,275.5,274.0,281.4,281.3,286.4,286.1,291.5,289.4,289.6,290.1,302.5,310.6,299.2,300.1,287.1,289.8,291.2,10.1,N.A.,10.7,N.A.,11.1,N.A.,11.4,N.A.,11.6,N.A.,12.1,N.A.,12.3,N.A.,12.6,N.A.,12.9,N.A.,13.0,N.A.,13.1,N.A.,13.2,N.A.,13.0,N.A.,12.8,N.A.,12.5,N.A.,12.1,N.A.,11.4,N.A.,10.6,N.A.,9.8,N.A.,9.1,N.A.,8.6,N.A.,8.4,N.A.,8.2,N.A.,8.1,N.A.,8.0,N.A.,7.9,N.A.,7.8,N.A.,7.6,N.A.,7.4,N.A.,7.4,N.A.,7.3,N.A.,7.3,N.A.,7.2,N.A.,7.1,N.A.,7.0,N.A.,6.8,6.6,6.5,6.4,6.4,6.5,6.5,6.5,6.5,6.4,6.4,6.4,6.4,6.4,6.4,6.3,6.2,6.2,6.1,6.0,6.0,6.0,5.9,5.8,5.7,5.6,5.4,5.2,5.0,4.8,4.7,4.4,4.3,4.0,4.0,3.9,3.8,3.7,3.6,3.5,3.5,3.6,3.6,3.7,3.7,3.8,3.7,3.8,3.8,3.9,3.9,3.9,3.9,4.0,4.1,4.0,4.0,3.8,3.9,3.9
Both sexes,15 - 19,187.0,N.A.,212.5,N.A.,239.1,N.A.,267.6,N.A.,299.4,N.A.,327.1,N.A.,356.0,N.A.,380.9,N.A.,400.7,N.A.,421.4,N.A.,442.4,N.A.,462.6,N.A.,485.3,N.A.,508.3,N.A.,526.1,N.A.,541.2,N.A.,555.1,N.A.,564.9,N.A.,587.6,N.A.,584.8,N.A.,571.9,N.A.,544.5,N.A.,517.8,N.A.,492.1,N.A.,471.0,N.A.,454.7,N.A.,439.8,N.A.,433.1,N.A.,435.8,N.A.,434.2,N.A.,417.6,N.A.,408.5,N.A.,406.0,N.A.,414.7,N.A.,421.2,N.A.,445.7,457.6,457.6,467.3,465.2,469.7,462.8,465.0,459.0,456.6,446.0,441.5,438.1,433.6,430.2,434.3,435.8,435.0,434.2,437.3,436.2,440.5,440.9,442.9,441.1,433.5,431.1,430.1,428.0,425.5,423.7,422.4,419.7,414.7,405.7,399.2,386.5,373.5,362.4,349.3,340.9,320.4,312.3,294.6,295.4,285.0,281.6,280.6,270.5,263.1,264.9,276.2,268.8,286.8,291.4,295.4,288.4,277.2,278.5,292.0,5.9,N.A.,6.4,N.A.,7.0,N.A.,7.6,N.A.,8.3,N.A.,9.0,N.A.,9.6,N.A.,10.0,N.A.,10.4,N.A.,10.6,N.A.,10.9,N.A.,11.2,N.A.,11.4,N.A.,11.6,N.A.,11.8,N.A.,12.0,N.A.,12.1,N.A.,12.1,N.A.,11.9,N.A.,11.6,N.A.,11.0,N.A.,10.3,N.A.,9.7,N.A.,9.1,N.A.,8.6,N.A.,8.2,N.A.,7.9,N.A.,7.7,N.A.,7.7,N.A.,7.6,N.A.,7.3,N.A.,7.0,N.A.,6.9,N.A.,6.9,N.A.,6.8,N.A.,6.9,7.1,7.1,7.2,7.1,7.1,7.0,7.0,6.9,6.8,6.6,6.6,6.5,6.4,6.4,6.4,6.4,6.4,6.4,6.4,6.4,6.4,6.4,6.4,6.3,6.2,6.2,6.1,6.1,6.0,6.0,5.9,5.9,5.8,5.7,5.5,5.3,5.1,5.0,4.8,4.6,4.3,4.2,4.0,4.0,3.8,3.8,3.7,3.6,3.5,3.6,3.7,3.7,3.8,3.9,3.9,3.8,3.7,3.7,3.9
Both sexes,20 - 24,193.7,N.A.,197.7,N.A.,198.1,N.A.,193.6,N.A.,196.9,N.A.,193.2,N.A.,214.1,N.A.,239.4,N.A.,266.5,N.A.,305.8,N.A.,341.8,N.A.,368.4,N.A.,394.2,N.A.,414.8,N.A.,433.7,N.A.,451.8,N.A.,472.9,N.A.,494.4,N.A.,546.6,N.A.,581.0,N.A.,605.6,N.A.,609.2,N.A.,606.4,N.A.,595.0,N.A.,581.0,N.A.,568.5,N.A.,546.6,N.A.,517.6,N.A.,489.4,N.A.,461.9,N.A.,455.0,N.A.,441.0,N.A.,440.6,N.A.,446.1,N.A.,450.6,N.A.,475.7,476.0,475.8,473.8,471.3,472.3,469.6,470.6,466.8,472.8,467.9,462.1,455.0,451.8,451.9,459.5,465.7,469.5,470.9,470.6,472.4,469.6,465.3,460.4,456.8,456.0,454.3,453.1,451.7,453.7,451.5,455.0,457.8,458.4,457.5,452.4,450.8,449.7,448.7,444.8,445.1,443.5,438.5,431.6,422.6,413.3,397.8,381.9,365.8,344.2,326.2,325.6,302.9,305.5,318.4,308.1,308.4,305.9,300.3,292.3,6.1,N.A.,6.0,N.A.,5.8,N.A.,5.5,N.A.,5.5,N.A.,5.3,N.A.,5.8,N.A.,6.3,N.A.,6.9,N.A.,7.7,N.A.,8.5,N.A.,8.9,N.A.,9.3,N.A.,9.5,N.A.,9.7,N.A.,10.0,N.A.,10.3,N.A.,10.6,N.A.,11.1,N.A.,11.5,N.A.,11.7,N.A.,11.6,N.A.,11.3,N.A.,11.0,N.A.,10.6,N.A.,10.3,N.A.,9.8,N.A.,9.2,N.A.,8.6,N.A.,8.1,N.A.,7.9,N.A.,7.6,N.A.,7.5,N.A.,7.4,N.A.,7.3,N.A.,7.4,7.4,7.3,7.3,7.2,7.2,7.1,7.1,7.0,7.0,7.0,6.9,6.7,6.7,6.7,6.8,6.9,6.9,6.9,6.9,6.9,6.8,6.7,6.6,6.6,6.5,6.5,6.5,6.4,6.4,6.4,6.4,6.4,6.4,6.4,6.3,6.2,6.2,6.2,6.1,6.1,6.0,5.9,5.8,5.7,5.5,5.3,5.1,4.9,4.6,4.4,4.4,4.1,4.1,4.2,4.1,4.1,4.1,4.0,3.9
Both sexes,25 - 29,247.8,N.A.,243.8,N.A.,236.6,N.A.,224.7,N.A.,215.6,N.A.,199.5,N.A.,196.6,N.A.,194.2,N.A.,191.8,N.A.,199.8,N.A.,211.9,N.A.,229.9,N.A.,262.1,N.A.,305.2,N.A.,340.7,N.A.,367.7,N.A.,387.4,N.A.,405.4,N.A.,448.8,N.A.,477.6,N.A.,506.1,N.A.,530.3,N.A.,557.6,N.A.,581.2,N.A.,599.9,N.A.,613.4,N.A.,621.3,N.A.,623.6,N.A.,621.0,N.A.,607.3,N.A.,597.7,N.A.,578.1,N.A.,562.8,N.A.,550.6,N.A.,538.8,N.A.,538.7,534.1,534.9,532.4,535.0,529.0,530.5,532.0,533.2,528.9,524.1,519.2,510.6,497.3,491.3,487.3,485.5,483.3,486.7,496.9,502.3,508.4,513.7,520.6,527.8,529.9,532.3,533.0,534.9,533.0,534.1,531.3,528.8,521.1,516.5,516.1,515.0,512.5,513.6,513.1,510.2,508.0,505.0,501.2,497.9,490.4,490.1,486.4,480.0,465.3,458.4,448.1,436.1,438.9,432.2,424.4,410.5,401.0,392.9,379.3,7.8,N.A.,7.4,N.A.,6.9,N.A.,6.4,N.A.,6.0,N.A.,5.5,N.A.,5.3,N.A.,5.1,N.A.,5.0,N.A.,5.0,N.A.,5.2,N.A.,5.6,N.A.,6.2,N.A.,7.0,N.A.,7.6,N.A.,8.1,N.A.,8.5,N.A.,8.7,N.A.,9.1,N.A.,9.4,N.A.,9.8,N.A.,10.1,N.A.,10.4,N.A.,10.8,N.A.,11.0,N.A.,11.1,N.A.,11.1,N.A.,11.1,N.A.,10.9,N.A.,10.6,N.A.,10.4,N.A.,10.0,N.A.,9.5,N.A.,9.1,N.A.,8.8,N.A.,8.4,8.3,8.2,8.2,8.2,8.0,8.0,8.0,8.0,7.9,7.8,7.7,7.6,7.4,7.3,7.2,7.2,7.1,7.1,7.3,7.3,7.4,7.4,7.5,7.6,7.6,7.6,7.6,7.6,7.6,7.6,7.5,7.4,7.3,7.2,7.2,7.1,7.1,7.0,7.0,7.0,6.9,6.8,6.8,6.7,6.5,6.5,6.5,6.4,6.3,6.2,6.1,5.9,5.9,5.7,5.6,5.5,5.3,5.2,5.0
Both sexes,30 - 34,260.2,N.A.,264.1,N.A.,264.6,N.A.,260.7,N.A.,256.8,N.A.,244.7,N.A.,239.5,N.A.,231.7,N.A.,221.2,N.A.,215.4,N.A.,209.6,N.A.,205.8,N.A.,204.0,N.A.,202.8,N.A.,207.0,N.A.,221.6,N.A.,248.7,N.A.,284.1,N.A.,337.6,N.A.,381.5,N.A.,422.0,N.A.,445.3,N.A.,463.1,N.A.,475.8,N.A.,490.7,N.A.,512.0,N.A.,539.1,N.A.,564.9,N.A.,591.3,N.A.,608.2,N.A.,626.4,N.A.,636.4,N.A.,647.1,N.A.,654.7,N.A.,654.6,N.A.,662.9,653.3,639.4,625.0,613.8,603.2,595.1,585.1,585.3,585.6,582.3,579.5,580.7,574.6,573.3,567.1,564.1,558.9,556.4,549.6,548.4,552.0,549.8,542.5,541.2,536.7,535.8,535.1,539.2,545.4,550.0,554.0,561.2,567.3,573.3,577.3,579.0,577.1,578.8,575.6,577.2,574.3,568.0,560.0,557.4,558.2,555.7,552.8,546.2,535.9,527.0,519.2,512.2,516.5,512.5,508.4,509.0,506.4,503.2,498.1,8.2,N.A.,8.0,N.A.,7.7,N.A.,7.4,N.A.,7.1,N.A.,6.7,N.A.,6.4,N.A.,6.1,N.A.,5.7,N.A.,5.4,N.A.,5.2,N.A.,5.0,N.A.,4.8,N.A.,4.6,N.A.,4.6,N.A.,4.9,N.A.,5.4,N.A.,6.1,N.A.,6.8,N.A.,7.5,N.A.,8.1,N.A.,8.5,N.A.,8.7,N.A.,8.8,N.A.,9.0,N.A.,9.3,N.A.,9.7,N.A.,10.0,N.A.,10.4,N.A.,10.7,N.A.,10.9,N.A.,11.0,N.A.,11.0,N.A.,10.8,N.A.,10.6,N.A.,10.3,10.1,9.9,9.6,9.4,9.2,9.0,8.8,8.8,8.7,8.7,8.6,8.6,8.5,8.5,8.4,8.3,8.2,8.2,8.0,8.0,8.0,7.9,7.8,7.8,7.7,7.7,7.6,7.7,7.7,7.8,7.8,7.8,7.9,8.0,8.0,8.0,8.0,7.9,7.9,7.9,7.8,7.7,7.6,7.5,7.5,7.4,7.4,7.3,7.2,7.1,7.0,7.0,6.9,6.8,6.8,6.8,6.8,6.7,6.6
Both sexes,35 - 39,229.2,N.A.,236.1,N.A.,242.9,N.A.,248.3,N.A.,254.8,N.A.,254.0,N.A.,258.3,N.A.,259.1,N.A.,256.1,N.A.,255.3,N.A.,251.4,N.A.,245.3,N.A.,242.9,N.A.,244.1,N.A.,240.5,N.A.,232.9,N.A.,220.9,N.A.,211.2,N.A.,221.1,N.A.,231.2,N.A.,251.4,N.A.,280.5,N.A.,318.0,N.A.,355.6,N.A.,391.1,N.A.,420.7,N.A.,446.2,N.A.,464.9,N.A.,480.7,N.A.,494.7,N.A.,516.1,N.A.,542.3,N.A.,576.1,N.A.,609.7,N.A.,636.8,N.A.,670.1,670.5,678.3,682.0,687.5,686.7,692.4,695.4,689.6,684.3,683.2,678.1,669.4,651.6,637.6,626.3,614.9,598.5,590.9,586.6,579.4,576.6,575.1,575.3,575.4,571.5,571.7,571.8,570.7,564.1,562.6,564.8,566.0,560.2,558.3,557.5,556.3,555.3,559.3,565.7,571.3,577.3,584.7,592.7,601.2,606.7,609.5,608.2,604.4,592.5,587.7,574.8,561.0,564.4,564.8,563.8,563.9,563.2,563.6,566.2,7.2,N.A.,7.1,N.A.,7.1,N.A.,7.1,N.A.,7.1,N.A.,7.0,N.A.,6.9,N.A.,6.8,N.A.,6.6,N.A.,6.4,N.A.,6.2,N.A.,5.9,N.A.,5.7,N.A.,5.6,N.A.,5.4,N.A.,5.2,N.A.,4.8,N.A.,4.5,N.A.,4.5,N.A.,4.6,N.A.,4.9,N.A.,5.3,N.A.,5.9,N.A.,6.6,N.A.,7.2,N.A.,7.6,N.A.,8.0,N.A.,8.3,N.A.,8.5,N.A.,8.7,N.A.,9.0,N.A.,9.3,N.A.,9.8,N.A.,10.1,N.A.,10.3,N.A.,10.4,10.4,10.5,10.5,10.5,10.4,10.5,10.5,10.3,10.2,10.2,10.1,9.9,9.7,9.5,9.3,9.1,8.8,8.7,8.6,8.5,8.4,8.3,8.3,8.3,8.2,8.2,8.2,8.1,8.0,8.0,7.9,7.9,7.8,7.8,7.7,7.7,7.7,7.7,7.7,7.8,7.8,7.9,8.0,8.1,8.1,8.1,8.1,8.1,8.0,7.9,7.8,7.6,7.6,7.5,7.5,7.5,7.5,7.5,7.5
Both sexes,40 - 44,203.7,N.A.,210.5,N.A.,215.8,N.A.,218.5,N.A.,222.6,N.A.,222.2,N.A.,229.5,N.A.,236.6,N.A.,242.9,N.A.,252.1,N.A.,258.7,N.A.,261.1,N.A.,261.5,N.A.,260.8,N.A.,259.3,N.A.,257.3,N.A.,255.7,N.A.,254.5,N.A.,261.5,N.A.,260.9,N.A.,259.4,N.A.,252.5,N.A.,244.5,N.A.,238.7,N.A.,241.2,N.A.,254.7,N.A.,281.5,N.A.,317.7,N.A.,356.4,N.A.,390.4,N.A.,421.1,N.A.,443.9,N.A.,465.7,N.A.,487.1,N.A.,506.5,N.A.,544.4,561.6,572.1,588.0,604.4,623.8,631.7,640.7,658.8,674.6,678.7,680.8,687.6,691.5,694.8,695.4,699.2,697.8,689.2,675.0,669.7,664.2,651.7,635.2,621.5,607.6,597.1,585.2,579.9,576.9,572.7,571.4,575.9,577.6,577.5,576.6,578.1,579.2,578.3,570.7,569.8,574.3,573.2,568.9,570.2,570.0,572.7,576.9,579.7,583.4,586.6,583.9,584.7,595.2,600.2,602.0,602.0,602.4,606.7,607.8,6.4,N.A.,6.4,N.A.,6.3,N.A.,6.2,N.A.,6.2,N.A.,6.1,N.A.,6.2,N.A.,6.2,N.A.,6.3,N.A.,6.4,N.A.,6.4,N.A.,6.3,N.A.,6.2,N.A.,6.0,N.A.,5.8,N.A.,5.7,N.A.,5.6,N.A.,5.5,N.A.,5.3,N.A.,5.2,N.A.,5.0,N.A.,4.8,N.A.,4.6,N.A.,4.4,N.A.,4.4,N.A.,4.6,N.A.,5.0,N.A.,5.6,N.A.,6.3,N.A.,6.8,N.A.,7.3,N.A.,7.7,N.A.,7.9,N.A.,8.1,N.A.,8.2,N.A.,8.5,8.7,8.8,9.0,9.2,9.5,9.6,9.7,9.9,10.1,10.1,10.1,10.2,10.3,10.3,10.3,10.3,10.3,10.1,9.9,9.8,9.6,9.4,9.2,8.9,8.7,8.6,8.4,8.3,8.2,8.1,8.0,8.1,8.1,8.0,8.0,8.0,8.0,7.9,7.8,7.8,7.8,7.8,7.7,7.7,7.6,7.6,7.7,7.7,7.9,7.9,7.9,8.0,8.0,8.0,8.0,8.0,8.0,8.1,8.1
Both sexes,45 - 49,167.7,N.A.,164.7,N.A.,181.3,N.A.,187.1,N.A.,194.0,N.A.,196.8,N.A.,203.8,N.A.,209.3,N.A.,212.7,N.A.,218.8,N.A.,224.6,N.A.,231.5,N.A.,241.4,N.A.,250.9,N.A.,255.1,N.A.,257.3,N.A.,258.3,N.A.,259.6,N.A.,268.2,N.A.,269.9,N.A.,270.7,N.A.,272.3,N.A.,273.1,N.A.,269.9,N.A.,265.9,N.A.,258.8,N.A.,250.5,N.A.,242.7,N.A.,238.1,N.A.,239.7,N.A.,255.0,N.A.,280.6,N.A.,317.3,N.A.,359.5,N.A.,398.9,N.A.,448.4,459.0,468.6,478.4,485.7,493.6,501.6,508.7,514.6,525.7,539.7,557.2,570.3,584.3,599.7,617.0,626.4,636.7,648.2,659.9,659.4,655.7,657.8,663.9,668.3,668.0,670.6,671.5,665.6,655.5,651.7,647.0,637.4,622.2,607.8,597.4,587.1,575.4,569.9,569.0,567.0,570.2,575.2,580.8,584.1,587.4,592.9,596.0,591.1,582.3,583.0,576.0,566.6,567.8,566.9,562.1,561.3,562.8,571.1,580.8,5.3,N.A.,5.0,N.A.,5.3,N.A.,5.3,N.A.,5.4,N.A.,5.4,N.A.,5.5,N.A.,5.5,N.A.,5.5,N.A.,5.5,N.A.,5.6,N.A.,5.6,N.A.,5.7,N.A.,5.7,N.A.,5.7,N.A.,5.7,N.A.,5.6,N.A.,5.6,N.A.,5.4,N.A.,5.3,N.A.,5.2,N.A.,5.2,N.A.,5.1,N.A.,5.0,N.A.,4.9,N.A.,4.7,N.A.,4.5,N.A.,4.3,N.A.,4.2,N.A.,4.2,N.A.,4.4,N.A.,4.8,N.A.,5.4,N.A.,6.0,N.A.,6.5,N.A.,7.0,7.1,7.2,7.3,7.4,7.5,7.6,7.7,7.7,7.8,8.0,8.3,8.5,8.7,8.9,9.1,9.2,9.4,9.5,9.7,9.6,9.5,9.5,9.6,9.6,9.6,9.6,9.6,9.5,9.3,9.2,9.1,8.9,8.7,8.5,8.3,8.1,7.9,7.8,7.8,7.7,7.7,7.8,7.8,7.8,7.8,7.9,7.9,7.9,7.8,7.9,7.8,7.7,7.6,7.5,7.5,7.5,7.5,7.6,7.7
Both sexes,50 - 54,133.9,N.A.,142.0,N.A.,148.3,N.A.,152.9,N.A.,157.8,N.A.,160.1,N.A.,166.9,N.A.,173.6,N.A.,179.9,N.A.,188.4,N.A.,195.9,N.A.,201.7,N.A.,209.1,N.A.,218.6,N.A.,226.2,N.A.,232.5,N.A.,237.4,N.A.,242.0,N.A.,251.9,N.A.,260.2,N.A.,265.9,N.A.,268.2,N.A.,270.6,N.A.,271.7,N.A.,273.0,N.A.,274.5,N.A.,273.0,N.A.,270.3,N.A.,265.8,N.A.,259.4,N.A.,255.2,N.A.,246.3,N.A.,239.5,N.A.,236.4,N.A.,240.8,N.A.,264.3,279.5,293.3,312.3,326.3,345.4,358.0,381.4,401.2,422.8,437.0,447.6,457.3,466.1,472.1,482.0,491.0,500.3,509.9,519.5,531.6,547.1,557.2,570.7,585.3,600.7,606.2,614.0,625.4,636.6,637.7,636.1,641.4,648.6,654.2,655.4,658.5,659.6,655.1,645.8,643.1,638.1,625.5,611.4,600.7,595.3,589.8,578.3,575.9,575.1,575.2,573.5,576.8,587.1,587.7,587.3,590.0,587.3,585.9,581.3,4.2,N.A.,4.3,N.A.,4.3,N.A.,4.4,N.A.,4.4,N.A.,4.4,N.A.,4.5,N.A.,4.6,N.A.,4.7,N.A.,4.8,N.A.,4.8,N.A.,4.9,N.A.,4.9,N.A.,5.0,N.A.,5.1,N.A.,5.1,N.A.,5.2,N.A.,5.2,N.A.,5.1,N.A.,5.1,N.A.,5.1,N.A.,5.1,N.A.,5.1,N.A.,5.0,N.A.,5.0,N.A.,5.0,N.A.,4.9,N.A.,4.8,N.A.,4.7,N.A.,4.5,N.A.,4.4,N.A.,4.2,N.A.,4.1,N.A.,3.9,N.A.,3.9,N.A.,4.1,4.3,4.5,4.8,5.0,5.2,5.4,5.7,6.0,6.3,6.5,6.7,6.8,6.9,7.0,7.1,7.2,7.4,7.5,7.6,7.8,7.9,8.1,8.2,8.4,8.6,8.7,8.8,8.9,9.0,9.0,8.9,9.0,9.0,9.1,9.1,9.1,9.1,9.0,8.8,8.8,8.6,8.5,8.2,8.1,8.0,7.9,7.7,7.7,7.7,7.8,7.7,7.9,7.9,7.8,7.8,7.8,7.8,7.8,7.7
Both sexes,55 - 59,91.1,N.A.,97.0,N.A.,103.7,N.A.,111.2,N.A.,119.7,N.A.,126.1,N.A.,133.6,N.A.,139.7,N.A.,144.4,N.A.,150.0,N.A.,155.6,N.A.,162.4,N.A.,170.7,N.A.,178.8,N.A.,184.2,N.A.,189.6,N.A.,196.9,N.A.,204.6,N.A.,212.7,N.A.,216.8,N.A.,221.5,N.A.,230.1,N.A.,238.4,N.A.,245.1,N.A.,249.9,N.A.,253.9,N.A.,259.4,N.A.,263.5,N.A.,264.9,N.A.,263.2,N.A.,263.7,N.A.,262.7,N.A.,262.1,N.A.,259.9,N.A.,256.2,N.A.,258.8,255.0,250.5,245.5,240.4,239.9,241.1,242.8,241.8,245.7,252.6,268.3,282.6,298.9,313.1,330.8,345.9,368.9,388.1,409.6,422.5,432.6,441.6,451.1,457.9,467.6,475.9,482.9,491.1,500.3,513.1,528.9,540.6,554.7,569.1,585.3,590.8,598.9,610.3,621.5,623.0,623.4,631.3,640.4,646.5,648.7,652.3,654.5,645.0,633.1,630.9,619.9,605.9,601.2,591.8,582.1,574.7,567.0,567.3,567.8,2.9,N.A.,2.9,N.A.,3.0,N.A.,3.2,N.A.,3.3,N.A.,3.5,N.A.,3.6,N.A.,3.7,N.A.,3.7,N.A.,3.8,N.A.,3.8,N.A.,3.9,N.A.,4.0,N.A.,4.1,N.A.,4.1,N.A.,4.2,N.A.,4.3,N.A.,4.4,N.A.,4.3,N.A.,4.3,N.A.,4.3,N.A.,4.4,N.A.,4.5,N.A.,4.5,N.A.,4.6,N.A.,4.6,N.A.,4.6,N.A.,4.7,N.A.,4.7,N.A.,4.6,N.A.,4.6,N.A.,4.5,N.A.,4.4,N.A.,4.3,N.A.,4.2,N.A.,4.0,3.9,3.9,3.8,3.7,3.6,3.6,3.7,3.6,3.7,3.8,4.0,4.2,4.4,4.7,4.9,5.1,5.4,5.7,6.0,6.2,6.3,6.4,6.5,6.6,6.7,6.8,6.9,7.0,7.1,7.3,7.4,7.6,7.7,7.9,8.1,8.2,8.3,8.4,8.5,8.5,8.5,8.5,8.6,8.7,8.7,8.7,8.7,8.6,8.5,8.5,8.4,8.2,8.0,7.9,7.7,7.6,7.6,7.6,7.6
Both sexes,60 - 64,69.8,N.A.,74.6,N.A.,77.6,N.A.,79.2,N.A.,81.3,N.A.,83.2,N.A.,88.4,N.A.,94.9,N.A.,102.2,N.A.,110.9,N.A.,119.0,N.A.,125.1,N.A.,132.4,N.A.,141.6,N.A.,149.5,N.A.,155.4,N.A.,159.8,N.A.,165.6,N.A.,173.5,N.A.,181.0,N.A.,187.3,N.A.,190.9,N.A.,195.3,N.A.,200.3,N.A.,207.8,N.A.,215.7,N.A.,221.8,N.A.,227.7,N.A.,232.3,N.A.,236.4,N.A.,243.1,N.A.,246.7,N.A.,249.2,N.A.,252.7,N.A.,254.8,N.A.,268.7,270.8,269.2,271.1,264.1,263.7,259.4,260.2,257.4,257.3,251.0,245.6,241.4,235.3,231.8,228.7,230.8,234.0,235.1,237.6,243.9,258.7,272.5,289.4,303.6,320.6,335.4,356.9,375.0,396.2,409.6,419.4,428.5,437.0,442.6,452.0,460.1,466.2,473.9,482.7,495.3,513.3,526.1,542.6,560.6,578.6,585.5,595.9,605.1,612.9,613.9,615.5,628.1,641.9,646.6,645.4,646.2,642.5,633.0,622.4,2.2,N.A.,2.3,N.A.,2.3,N.A.,2.3,N.A.,2.3,N.A.,2.3,N.A.,2.4,N.A.,2.5,N.A.,2.6,N.A.,2.8,N.A.,2.9,N.A.,3.0,N.A.,3.1,N.A.,3.2,N.A.,3.4,N.A.,3.4,N.A.,3.5,N.A.,3.5,N.A.,3.5,N.A.,3.6,N.A.,3.6,N.A.,3.6,N.A.,3.7,N.A.,3.7,N.A.,3.8,N.A.,3.9,N.A.,4.0,N.A.,4.0,N.A.,4.1,N.A.,4.1,N.A.,4.2,N.A.,4.3,N.A.,4.2,N.A.,4.2,N.A.,4.1,N.A.,4.2,4.2,4.1,4.2,4.0,4.0,3.9,3.9,3.9,3.8,3.7,3.6,3.6,3.5,3.4,3.4,3.4,3.4,3.4,3.5,3.6,3.7,3.9,4.2,4.4,4.6,4.8,5.1,5.3,5.6,5.8,5.9,6.0,6.1,6.2,6.3,6.4,6.4,6.5,6.6,6.8,7.0,7.1,7.3,7.5,7.7,7.8,7.9,8.1,8.3,8.3,8.3,8.5,8.6,8.6,8.6,8.6,8.6,8.4,8.3
Both sexes,65 - 69,45.6,N.A.,48.6,N.A.,52.1,N.A.,56.2,N.A.,60.3,N.A.,63.4,N.A.,66.6,N.A.,68.8,N.A.,70.3,N.A.,72.4,N.A.,75.6,N.A.,80.4,N.A.,87.0,N.A.,93.4,N.A.,97.1,N.A.,100.9,N.A.,109.6,N.A.,119.6,N.A.,130.4,N.A.,137.5,N.A.,144.5,N.A.,150.0,N.A.,154.7,N.A.,158.2,N.A.,161.5,N.A.,165.6,N.A.,171.1,N.A.,177.1,N.A.,181.9,N.A.,185.5,N.A.,192.5,N.A.,199.6,N.A.,207.3,N.A.,215.1,N.A.,221.7,N.A.,238.2,241.5,243.4,244.9,248.9,252.5,252.4,253.8,251.6,251.1,250.1,251.3,251.6,252.7,249.4,249.4,248.2,247.3,246.2,246.8,241.8,238.2,234.8,229.6,225.8,222.2,223.6,226.2,226.7,228.6,234.3,250.2,264.4,281.1,295.1,312.0,326.3,346.9,363.1,383.2,395.7,405.1,414.3,424.4,431.8,443.3,450.9,459.0,465.9,475.6,492.2,508.3,523.5,548.5,568.5,581.4,584.7,590.9,598.2,603.7,1.4,N.A.,1.5,N.A.,1.5,N.A.,1.6,N.A.,1.7,N.A.,1.7,N.A.,1.8,N.A.,1.8,N.A.,1.8,N.A.,1.8,N.A.,1.9,N.A.,1.9,N.A.,2.1,N.A.,2.1,N.A.,2.2,N.A.,2.2,N.A.,2.4,N.A.,2.6,N.A.,2.6,N.A.,2.7,N.A.,2.8,N.A.,2.9,N.A.,2.9,N.A.,2.9,N.A.,3.0,N.A.,3.0,N.A.,3.1,N.A.,3.1,N.A.,3.2,N.A.,3.3,N.A.,3.3,N.A.,3.4,N.A.,3.5,N.A.,3.6,N.A.,3.6,N.A.,3.7,3.7,3.8,3.8,3.8,3.8,3.8,3.8,3.8,3.7,3.7,3.7,3.7,3.8,3.7,3.7,3.7,3.6,3.6,3.6,3.5,3.4,3.4,3.3,3.2,3.2,3.2,3.2,3.2,3.2,3.3,3.5,3.7,3.9,4.1,4.3,4.5,4.8,5.0,5.2,5.4,5.5,5.6,5.7,5.8,5.9,6.0,6.1,6.2,6.4,6.6,6.9,7.1,7.3,7.5,7.7,7.8,7.9,8.0,8.0
Both sexes,70 - 74,29.7,N.A.,31.4,N.A.,32.9,N.A.,34.1,N.A.,35.8,N.A.,37.5,N.A.,40.1,N.A.,43.4,N.A.,47.1,N.A.,51.0,N.A.,54.5,N.A.,57.0,N.A.,60.4,N.A.,65.3,N.A.,68.5,N.A.,70.5,N.A.,73.0,N.A.,76.8,N.A.,84.2,N.A.,90.1,N.A.,96.9,N.A.,101.4,N.A.,106.4,N.A.,112.1,N.A.,118.7,N.A.,124.4,N.A.,127.9,N.A.,130.0,N.A.,132.4,N.A.,135.5,N.A.,140.0,N.A.,145.0,N.A.,150.4,N.A.,157.5,N.A.,165.1,N.A.,180.6,182.7,184.5,187.1,190.6,193.7,195.1,197.7,202.4,208.2,210.2,213.1,214.7,216.6,219.9,225.9,227.9,231.0,228.3,226.0,228.3,232.6,235.1,238.1,235.7,235.2,233.7,233.8,233.6,234.5,230.4,225.4,221.1,216.2,213.1,209.9,211.5,213.6,213.7,215.5,220.8,236.0,249.3,265.2,278.4,295.9,310.4,329.2,342.5,359.4,370.8,381.4,395.0,413.4,424.8,434.1,442.4,451.2,458.3,464.4,0.9,N.A.,1.0,N.A.,1.0,N.A.,1.0,N.A.,1.0,N.A.,1.0,N.A.,1.1,N.A.,1.1,N.A.,1.2,N.A.,1.3,N.A.,1.3,N.A.,1.4,N.A.,1.4,N.A.,1.5,N.A.,1.5,N.A.,1.6,N.A.,1.6,N.A.,1.6,N.A.,1.7,N.A.,1.8,N.A.,1.9,N.A.,1.9,N.A.,2.0,N.A.,2.1,N.A.,2.2,N.A.,2.3,N.A.,2.3,N.A.,2.3,N.A.,2.3,N.A.,2.4,N.A.,2.4,N.A.,2.5,N.A.,2.5,N.A.,2.6,N.A.,2.7,N.A.,2.8,2.8,2.8,2.9,2.9,2.9,3.0,3.0,3.0,3.1,3.1,3.2,3.2,3.2,3.3,3.3,3.4,3.4,3.4,3.3,3.3,3.4,3.4,3.4,3.4,3.4,3.4,3.3,3.3,3.3,3.3,3.2,3.1,3.0,3.0,2.9,2.9,2.9,2.9,2.9,3.0,3.2,3.4,3.6,3.7,4.0,4.1,4.4,4.6,4.8,5.0,5.2,5.4,5.5,5.6,5.8,5.9,6.0,6.1,6.2
Both sexes,75 - 79,14.3,N.A.,15.8,N.A.,17.3,N.A.,19.2,N.A.,21.0,N.A.,22.5,N.A.,23.8,N.A.,24.9,N.A.,25.9,N.A.,27.2,N.A.,29.1,N.A.,31.5,N.A.,34.9,N.A.,38.4,N.A.,40.2,N.A.,41.4,N.A.,44.8,N.A.,48.7,N.A.,51.6,N.A.,54.6,N.A.,56.6,N.A.,59.8,N.A.,62.7,N.A.,64.8,N.A.,67.2,N.A.,70.4,N.A.,75.4,N.A.,80.8,N.A.,85.6,N.A.,89.6,N.A.,93.4,N.A.,97.2,N.A.,101.6,N.A.,106.2,N.A.,111.3,N.A.,120.6,123.0,125.9,128.2,130.2,133.2,136.5,137.3,139.3,141.0,144.1,147.2,151.5,154.8,157.1,161.4,163.1,165.3,169.8,176.4,178.6,182.9,185.5,189.1,193.1,199.1,201.3,204.5,203.5,203.2,205.2,207.8,208.9,211.9,210.2,210.4,209.3,209.9,209.5,210.4,206.4,201.2,197.0,192.7,190.5,187.6,188.3,187.9,184.8,188.2,197.1,209.5,221.1,239.4,254.1,273.4,290.9,310.4,323.3,337.7,0.5,N.A.,0.5,N.A.,0.5,N.A.,0.5,N.A.,0.6,N.A.,0.6,N.A.,0.6,N.A.,0.7,N.A.,0.7,N.A.,0.7,N.A.,0.7,N.A.,0.8,N.A.,0.8,N.A.,0.9,N.A.,0.9,N.A.,0.9,N.A.,1.0,N.A.,1.0,N.A.,1.0,N.A.,1.1,N.A.,1.1,N.A.,1.1,N.A.,1.2,N.A.,1.2,N.A.,1.2,N.A.,1.3,N.A.,1.4,N.A.,1.4,N.A.,1.5,N.A.,1.6,N.A.,1.6,N.A.,1.7,N.A.,1.7,N.A.,1.8,N.A.,1.8,N.A.,1.9,1.9,1.9,2.0,2.0,2.0,2.1,2.1,2.1,2.1,2.1,2.2,2.2,2.3,2.3,2.4,2.4,2.4,2.5,2.6,2.6,2.6,2.7,2.7,2.8,2.9,2.9,2.9,2.9,2.9,2.9,2.9,2.9,3.0,2.9,2.9,2.9,2.9,2.9,2.9,2.8,2.7,2.7,2.6,2.6,2.5,2.5,2.5,2.5,2.5,2.7,2.8,3.0,3.2,3.4,3.6,3.9,4.1,4.3,4.5
Both sexes,80 - 84,7.7,N.A.,7.6,N.A.,7.7,N.A.,7.9,N.A.,8.4,N.A.,9.2,N.A.,10.3,N.A.,11.4,N.A.,12.8,N.A.,14.1,N.A.,15.3,N.A.,16.1,N.A.,17.4,N.A.,19.1,N.A.,19.4,N.A.,20.2,N.A.,21.3,N.A.,23.1,N.A.,25.4,N.A.,27.3,N.A.,29.9,N.A.,30.7,N.A.,32.1,N.A.,34.3,N.A.,37.1,N.A.,40.1,N.A.,40.2,N.A.,39.7,N.A.,40.2,N.A.,41.8,N.A.,46.8,N.A.,48.4,N.A.,52.0,N.A.,58.0,N.A.,63.4,N.A.,70.5,70.1,70.8,70.7,72.7,73.4,75.5,77.8,80.9,83.6,86.3,89.9,91.6,94.9,97.1,100.7,103.0,106.0,107.7,110.2,112.7,116.0,119.5,122.6,124.6,128.3,129.8,132.5,137.2,143.8,146.1,149.7,151.0,153.8,157.6,163.4,164.7,167.7,166.2,165.6,167.0,169.9,170.8,173.9,172.4,173.1,171.9,171.5,170.1,169.8,165.2,162.2,159.3,158.2,158.6,156.0,157.7,158.9,156.6,161.0,0.2,N.A.,0.2,N.A.,0.2,N.A.,0.2,N.A.,0.2,N.A.,0.3,N.A.,0.3,N.A.,0.3,N.A.,0.3,N.A.,0.4,N.A.,0.4,N.A.,0.4,N.A.,0.4,N.A.,0.4,N.A.,0.4,N.A.,0.4,N.A.,0.5,N.A.,0.5,N.A.,0.5,N.A.,0.5,N.A.,0.6,N.A.,0.6,N.A.,0.6,N.A.,0.6,N.A.,0.7,N.A.,0.7,N.A.,0.7,N.A.,0.7,N.A.,0.7,N.A.,0.7,N.A.,0.8,N.A.,0.8,N.A.,0.9,N.A.,1.0,N.A.,1.0,N.A.,1.1,1.1,1.1,1.1,1.1,1.1,1.1,1.2,1.2,1.2,1.3,1.3,1.4,1.4,1.4,1.5,1.5,1.6,1.6,1.6,1.6,1.7,1.7,1.8,1.8,1.8,1.9,1.9,2.0,2.0,2.1,2.1,2.1,2.1,2.2,2.3,2.3,2.3,2.3,2.3,2.3,2.3,2.3,2.3,2.3,2.3,2.3,2.3,2.3,2.3,2.2,2.2,2.2,2.1,2.1,2.1,2.1,2.1,2.1,2.1
Both sexes,≥85,2.8,N.A.,3.7,N.A.,4.3,N.A.,4.9,N.A.,5.4,N.A.,5.7,N.A.,5.9,N.A.,6.2,N.A.,6.5,N.A.,7.0,N.A.,7.8,N.A.,8.6,N.A.,9.6,N.A.,10.5,N.A.,11.7,N.A.,11.5,N.A.,12.4,N.A.,13.4,N.A.,14.5,N.A.,15.6,N.A.,16.4,N.A.,17.4,N.A.,18.7,N.A.,20.2,N.A.,21.9,N.A.,23.5,N.A.,26.1,N.A.,28.2,N.A.,29.9,N.A.,30.4,N.A.,29.7,N.A.,32.1,N.A.,34.7,N.A.,37.2,N.A.,40.3,N.A.,43.8,45.0,47.0,47.3,48.2,48.7,50.5,51.7,55.0,58.5,62.6,65.5,67.7,70.6,71.9,75.1,76.8,80.9,82.7,87.3,90.7,95.5,97.3,101.8,103.5,107.6,110.2,114.9,117.5,122.7,125.4,131.6,134.5,140.8,143.9,150.6,152.0,157.6,162.1,171.6,173.3,180.6,183.7,190.5,195.2,205.4,206.0,211.9,218.1,224.3,226.2,233.7,230.0,235.2,235.9,244.2,243.2,249.7,245.2,253.0,0.1,N.A.,0.1,N.A.,0.1,N.A.,0.1,N.A.,0.1,N.A.,0.2,N.A.,0.2,N.A.,0.2,N.A.,0.2,N.A.,0.2,N.A.,0.2,N.A.,0.2,N.A.,0.2,N.A.,0.2,N.A.,0.3,N.A.,0.3,N.A.,0.3,N.A.,0.3,N.A.,0.3,N.A.,0.3,N.A.,0.3,N.A.,0.3,N.A.,0.3,N.A.,0.4,N.A.,0.4,N.A.,0.4,N.A.,0.5,N.A.,0.5,N.A.,0.5,N.A.,0.5,N.A.,0.5,N.A.,0.6,N.A.,0.6,N.A.,0.6,N.A.,0.7,N.A.,0.7,0.7,0.7,0.7,0.7,0.7,0.8,0.8,0.8,0.9,0.9,1.0,1.0,1.0,1.1,1.1,1.1,1.2,1.2,1.3,1.3,1.4,1.4,1.5,1.5,1.5,1.6,1.6,1.7,1.7,1.8,1.9,1.9,2.0,2.0,2.1,2.1,2.2,2.2,2.3,2.4,2.4,2.5,2.6,2.6,2.7,2.7,2.8,2.9,3.0,3.1,3.2,3.1,3.1,3.1,3.2,3.2,3.3,3.3,3.4
Both sexes,All age groups,3168.1,3195.3,3305.2,3368.2,3420.9,3461.8,3504.6,3545.1,3597.9,3625.4,3629.9,3679.4,3722.8,3760.6,3802.7,3844.5,3863.9,3906.1,3959.0,3995.4,4045.3,4095.5,4123.6,4184.3,4241.6,4334.2,4377.8,4438.6,4461.6,4500.8,4518.0,4551.0,4583.7,4631.5,4667.5,4769.9,4929.7,5024.7,5063.1,5145.1,5183.4,5238.5,5264.5,5319.5,5345.1,5377.4,5397.9,5430.9,5456.2,5500.4,5524.6,5565.7,5580.5,5615.3,5627.6,5671.6,5686.2,5726.5,5704.5,5752.0,5752.0,5815.3,5800.5,5887.6,5901.0,5998.0,6035.4,6119.3,6156.1,6270.0,6435.5,6466.6,6489.3,6516.7,6543.7,6583.4,6606.5,6637.6,6665.0,6711.5,6714.3,6730.3,6744.1,6725.8,6730.8,6764.2,6783.5,6797.7,6813.2,6837.8,6857.1,6904.3,6916.3,6938.4,6957.8,6963.9,6972.8,6996.4,7024.2,7052.1,7071.6,7109.5,7150.1,7171.0,7178.9,7210.9,7229.5,7252.9,7291.3,7309.7,7336.6,7378.1,7393.2,7414.8,7452.6,7487.7,7507.9,7520.5,7481.0,7426.7,7413.1,7401.5,7346.1,7472.6,7536.1,7527.9,7524.1,7500.6,7498.9,7510.8,100.0,100.0,100.0,100.0,100.0,100.0,100.0,100.0,100.0,100.0,100.0,100.0,100.0,100.0,100.0,100.0,100.0,100.0,100.0,100.0,100.0,100.0,100.0,100.0,100.0,100.0,100.0,100.0,100.0,100.0,100.0,100.0,100.0,100.0,100.0,100.0,100.0,100.0,100.0,100.0,100.0,100.0,100.0,100.0,100.0,100.0,100.0,100.0,100.0,100.0,100.0,100.0,100.0,100.0,100.0,100.0,100.0,100.0,100.0,100.0,100.0,100.0,100.0,100.0,100.0,100.0,100.0,100.0,100.0,100.0,100.0,100.0,100.0,100.0,100.0,100.0,100.0,100.0,100.0,100.0,100.0,100.0,100.0,100.0,100.0,100.0,100.0,100.0,100.0,100.0,100.0,100.0,100.0,100.0,100.0,100.0,100.0,100.0,100.0,100.0,100.0,100.0,100.0,100.0,100.0,100.0,100.0,100.0,100.0,100.0,100.0,100.0,100.0,100.0,100.0,100.0,100.0,100.0,100.0,100.0,100.0,100.0,100.0,100.0,100.0,100.0,100.0,100.0,100.0,100.0
 ,,,,,,,,,,,,,,,,,,,,,,,,,,,,,,,,,,,,,,,,,,,,,,,,,,,,,,,,,,,,,,,,,,,,,,,,,,,,,,,,,,,,,,,,,,,,,,,,,,,,,,,,,,,,,,,,,,,,,,,,,,,,,,,,,,,,,,,,,,,,,,,,,,,,,,,,,,,,,,,,,,,,,,,,,,,,,,,,,,,,,,,,,,,,,,,,,,,,,,,,,,,,,,,,,,,,,,,,,,,,,,,,,,,,,,,,,,,,,,,,,,,,,,,,,,,,,,,,,,,,,
Note(s):,,,,,,,,,,,,,,,,,,,,,,,,,,,,,,,,,,,,,,,,,,,,,,,,,,,,,,,,,,,,,,,,,,,,,,,,,,,,,,,,,,,,,,,,,,,,,,,,,,,,,,,,,,,,,,,,,,,,,,,,,,,,,,,,,,,,,,,,,,,,,,,,,,,,,,,,,,,,,,,,,,,,,,,,,,,,,,,,,,,,,,,,,,,,,,,,,,,,,,,,,,,,,,,,,,,,,,,,,,,,,,,,,,,,,,,,,,,,,,,,,,,,,,,,,,,,,,,,,,,,,
"The figures from 1961 to 1995 are compiled based on the ""extended de facto"" method and those from 1996 onwards are compiled based on the ""resident population"" method.",,,,,,,,,,,,,,,,,,,,,,,,,,,,,,,,,,,,,,,,,,,,,,,,,,,,,,,,,,,,,,,,,,,,,,,,,,,,,,,,,,,,,,,,,,,,,,,,,,,,,,,,,,,,,,,,,,,,,,,,,,,,,,,,,,,,,,,,,,,,,,,,,,,,,,,,,,,,,,,,,,,,,,,,,,,,,,,,,,,,,,,,,,,,,,,,,,,,,,,,,,,,,,,,,,,,,,,,,,,,,,,,,,,,,,,,,,,,,,,,,,,,,,,,,,,,,,,,,,,,,
p Provisional figure,,,,,,,,,,,,,,,,,,,,,,,,,,,,,,,,,,,,,,,,,,,,,,,,,,,,,,,,,,,,,,,,,,,,,,,,,,,,,,,,,,,,,,,,,,,,,,,,,,,,,,,,,,,,,,,,,,,,,,,,,,,,,,,,,,,,,,,,,,,,,,,,,,,,,,,,,,,,,,,,,,,,,,,,,,,,,,,,,,,,,,,,,,,,,,,,,,,,,,,,,,,,,,,,,,,,,,,,,,,,,,,,,,,,,,,,,,,,,,,,,,,,,,,,,,,,,,,,,,,,,
N.A. Not available,,,,,,,,,,,,,,,,,,,,,,,,,,,,,,,,,,,,,,,,,,,,,,,,,,,,,,,,,,,,,,,,,,,,,,,,,,,,,,,,,,,,,,,,,,,,,,,,,,,,,,,,,,,,,,,,,,,,,,,,,,,,,,,,,,,,,,,,,,,,,,,,,,,,,,,,,,,,,,,,,,,,,,,,,,,,,,,,,,,,,,,,,,,,,,,,,,,,,,,,,,,,,,,,,,,,,,,,,,,,,,,,,,,,,,,,,,,,,,,,,,,,,,,,,,,,,,,,,,,,,
[-φ32] Figure denotes less than 0.05%.,,,,,,,,,,,,,,,,,,,,,,,,,,,,,,,,,,,,,,,,,,,,,,,,,,,,,,,,,,,,,,,,,,,,,,,,,,,,,,,,,,,,,,,,,,,,,,,,,,,,,,,,,,,,,,,,,,,,,,,,,,,,,,,,,,,,,,,,,,,,,,,,,,,,,,,,,,,,,,,,,,,,,,,,,,,,,,,,,,,,,,,,,,,,,,,,,,,,,,,,,,,,,,,,,,,,,,,,,,,,,,,,,,,,,,,,,,,,,,,,,,,,,,,,,,,,,,,,,,,,,
 ,,,,,,,,,,,,,,,,,,,,,,,,,,,,,,,,,,,,,,,,,,,,,,,,,,,,,,,,,,,,,,,,,,,,,,,,,,,,,,,,,,,,,,,,,,,,,,,,,,,,,,,,,,,,,,,,,,,,,,,,,,,,,,,,,,,,,,,,,,,,,,,,,,,,,,,,,,,,,,,,,,,,,,,,,,,,,,,,,,,,,,,,,,,,,,,,,,,,,,,,,,,,,,,,,,,,,,,,,,,,,,,,,,,,,,,,,,,,,,,,,,,,,,,,,,,,,,,,,,,,,
Source:,,,,,,,,,,,,,,,,,,,,,,,,,,,,,,,,,,,,,,,,,,,,,,,,,,,,,,,,,,,,,,,,,,,,,,,,,,,,,,,,,,,,,,,,,,,,,,,,,,,,,,,,,,,,,,,,,,,,,,,,,,,,,,,,,,,,,,,,,,,,,,,,,,,,,,,,,,,,,,,,,,,,,,,,,,,,,,,,,,,,,,,,,,,,,,,,,,,,,,,,,,,,,,,,,,,,,,,,,,,,,,,,,,,,,,,,,,,,,,,,,,,,,,,,,,,,,,,,,,,,,
"Demographic Statistics Section (1),Census and Statistics Department(Enquiry telephone no. : 3903 6943 Enquiry e-mail : population@censtatd.gov.hk)",,,,,,,,,,,,,,,,,,,,,,,,,,,,,,,,,,,,,,,,,,,,,,,,,,,,,,,,,,,,,,,,,,,,,,,,,,,,,,,,,,,,,,,,,,,,,,,,,,,,,,,,,,,,,,,,,,,,,,,,,,,,,,,,,,,,,,,,,,,,,,,,,,,,,,,,,,,,,,,,,,,,,,,,,,,,,,,,,,,,,,,,,,,,,,,,,,,,,,,,,,,,,,,,,,,,,,,,,,,,,,,,,,,,,,,,,,,,,,,,,,,,,,,,,,,,,,,,,,,,,
 ,,,,,,,,,,,,,,,,,,,,,,,,,,,,,,,,,,,,,,,,,,,,,,,,,,,,,,,,,,,,,,,,,,,,,,,,,,,,,,,,,,,,,,,,,,,,,,,,,,,,,,,,,,,,,,,,,,,,,,,,,,,,,,,,,,,,,,,,,,,,,,,,,,,,,,,,,,,,,,,,,,,,,,,,,,,,,,,,,,,,,,,,,,,,,,,,,,,,,,,,,,,,,,,,,,,,,,,,,,,,,,,,,,,,,,,,,,,,,,,,,,,,,,,,,,,,,,,,,,,,,
"Release Date: 12 February, 2026",,,,,,,,,,,,,,,,,,,,,,,,,,,,,,,,,,,,,,,,,,,,,,,,,,,,,,,,,,,,,,,,,,,,,,,,,,,,,,,,,,,,,,,,,,,,,,,,,,,,,,,,,,,,,,,,,,,,,,,,,,,,,,,,,,,,,,,,,,,,,,,,,,,,,,,,,,,,,,,,,,,,,,,,,,,,,,,,,,,,,,,,,,,,,,,,,,,,,,,,,,,,,,,,,,,,,,,,,,,,,,,,,,,,,,,,,,,,,,,,,,,,,,,,,,,,,,,,,,,,,
